,open,close,high,low,volume
2024-04-08 09:45:00,,,,,
2024-04-08 10:00:00,,,,,
2024-04-08 10:15:00,,,,,
2024-04-08 10:30:00,,,,,
2024-04-08 10:45:00,,,,,
2024-04-08 11:00:00,,,,,
2024-04-08 11:15:00,,,,,
2024-04-08 11:30:00,,,,,
2024-04-08 13:15:00,,,,,
2024-04-08 13:30:00,,,,,
2024-04-08 13:45:00,,,,,
2024-04-08 14:00:00,,,,,
2024-04-08 14:15:00,,,,,
2024-04-08 14:30:00,,,,,
2024-04-08 14:45:00,,,,,
2024-04-08 15:00:00,,,,,
2024-04-09 09:45:00,,,,,
2024-04-09 10:00:00,,,,,
2024-04-09 10:15:00,,,,,
2024-04-09 10:30:00,,,,,
2024-04-09 10:45:00,,,,,
2024-04-09 11:00:00,,,,,
2024-04-09 11:15:00,,,,,
2024-04-09 11:30:00,,,,,
2024-04-09 13:15:00,,,,,
2024-04-09 13:30:00,,,,,
2024-04-09 13:45:00,,,,,
2024-04-09 14:00:00,,,,,
2024-04-09 14:15:00,,,,,
2024-04-09 14:30:00,,,,,
2024-04-09 14:45:00,,,,,
2024-04-09 15:00:00,,,,,
2024-04-10 09:45:00,,,,,
2024-04-10 10:00:00,,,,,
2024-04-10 10:15:00,,,,,
2024-04-10 10:30:00,,,,,
2024-04-10 10:45:00,,,,,
2024-04-10 11:00:00,,,,,
2024-04-10 11:15:00,,,,,
2024-04-10 11:30:00,,,,,
2024-04-10 13:15:00,,,,,
2024-04-10 13:30:00,,,,,
2024-04-10 13:45:00,,,,,
2024-04-10 14:00:00,,,,,
2024-04-10 14:15:00,,,,,
2024-04-10 14:30:00,,,,,
2024-04-10 14:45:00,,,,,
2024-04-10 15:00:00,,,,,
2024-04-11 09:45:00,,,,,
2024-04-11 10:00:00,,,,,
2024-04-11 10:15:00,,,,,
2024-04-11 10:30:00,,,,,
2024-04-11 10:45:00,,,,,
2024-04-11 11:00:00,,,,,
2024-04-11 11:15:00,,,,,
2024-04-11 11:30:00,,,,,
2024-04-11 13:15:00,,,,,
2024-04-11 13:30:00,,,,,
2024-04-11 13:45:00,,,,,
2024-04-11 14:00:00,,,,,
2024-04-11 14:15:00,,,,,
2024-04-11 14:30:00,,,,,
2024-04-11 14:45:00,,,,,
2024-04-11 15:00:00,,,,,
2024-04-12 09:45:00,,,,,
2024-04-12 10:00:00,,,,,
2024-04-12 10:15:00,,,,,
2024-04-12 10:30:00,,,,,
2024-04-12 10:45:00,,,,,
2024-04-12 11:00:00,,,,,
2024-04-12 11:15:00,,,,,
2024-04-12 11:30:00,,,,,
2024-04-12 13:15:00,,,,,
2024-04-12 13:30:00,,,,,
2024-04-12 13:45:00,,,,,
2024-04-12 14:00:00,,,,,
2024-04-12 14:15:00,,,,,
2024-04-12 14:30:00,,,,,
2024-04-12 14:45:00,,,,,
2024-04-12 15:00:00,,,,,
2024-04-15 09:45:00,,,,,
2024-04-15 10:00:00,,,,,
2024-04-15 10:15:00,,,,,
2024-04-15 10:30:00,,,,,
2024-04-15 10:45:00,,,,,
2024-04-15 11:00:00,,,,,
2024-04-15 11:15:00,,,,,
2024-04-15 11:30:00,,,,,
2024-04-15 13:15:00,,,,,
2024-04-15 13:30:00,,,,,
2024-04-15 13:45:00,,,,,
2024-04-15 14:00:00,,,,,
2024-04-15 14:15:00,,,,,
2024-04-15 14:30:00,,,,,
2024-04-15 14:45:00,,,,,
2024-04-15 15:00:00,,,,,
2024-04-16 09:45:00,,,,,
2024-04-16 10:00:00,,,,,
2024-04-16 10:15:00,,,,,
2024-04-16 10:30:00,,,,,
2024-04-16 10:45:00,,,,,
2024-04-16 11:00:00,,,,,
2024-04-16 11:15:00,,,,,
2024-04-16 11:30:00,,,,,
2024-04-16 13:15:00,,,,,
2024-04-16 13:30:00,,,,,
2024-04-16 13:45:00,,,,,
2024-04-16 14:00:00,,,,,
2024-04-16 14:15:00,,,,,
2024-04-16 14:30:00,,,,,
2024-04-16 14:45:00,,,,,
2024-04-16 15:00:00,,,,,
2024-04-17 09:45:00,,,,,
2024-04-17 10:00:00,,,,,
2024-04-17 10:15:00,,,,,
2024-04-17 10:30:00,,,,,
2024-04-17 10:45:00,,,,,
2024-04-17 11:00:00,,,,,
2024-04-17 11:15:00,,,,,
2024-04-17 11:30:00,,,,,
2024-04-17 13:15:00,,,,,
2024-04-17 13:30:00,,,,,
2024-04-17 13:45:00,,,,,
2024-04-17 14:00:00,,,,,
2024-04-17 14:15:00,,,,,
2024-04-17 14:30:00,,,,,
2024-04-17 14:45:00,,,,,
2024-04-17 15:00:00,,,,,
2024-04-18 09:45:00,,,,,
2024-04-18 10:00:00,,,,,
2024-04-18 10:15:00,,,,,
2024-04-18 10:30:00,,,,,
2024-04-18 10:45:00,,,,,
2024-04-18 11:00:00,,,,,
2024-04-18 11:15:00,,,,,
2024-04-18 11:30:00,,,,,
2024-04-18 13:15:00,,,,,
2024-04-18 13:30:00,,,,,
2024-04-18 13:45:00,,,,,
2024-04-18 14:00:00,,,,,
2024-04-18 14:15:00,,,,,
2024-04-18 14:30:00,,,,,
2024-04-18 14:45:00,,,,,
2024-04-18 15:00:00,,,,,
2024-04-19 09:45:00,,,,,
2024-04-19 10:00:00,,,,,
2024-04-19 10:15:00,,,,,
2024-04-19 10:30:00,,,,,
2024-04-19 10:45:00,,,,,
2024-04-19 11:00:00,,,,,
2024-04-19 11:15:00,,,,,
2024-04-19 11:30:00,,,,,
2024-04-19 13:15:00,,,,,
2024-04-19 13:30:00,,,,,
2024-04-19 13:45:00,,,,,
2024-04-19 14:00:00,,,,,
2024-04-19 14:15:00,,,,,
2024-04-19 14:30:00,,,,,
2024-04-19 14:45:00,,,,,
2024-04-19 15:00:00,,,,,
2024-04-22 09:45:00,,,,,
2024-04-22 10:00:00,,,,,
2024-04-22 10:15:00,,,,,
2024-04-22 10:30:00,,,,,
2024-04-22 10:45:00,,,,,
2024-04-22 11:00:00,,,,,
2024-04-22 11:15:00,,,,,
2024-04-22 11:30:00,,,,,
2024-04-22 13:15:00,,,,,
2024-04-22 13:30:00,,,,,
2024-04-22 13:45:00,,,,,
2024-04-22 14:00:00,,,,,
2024-04-22 14:15:00,,,,,
2024-04-22 14:30:00,,,,,
2024-04-22 14:45:00,,,,,
2024-04-22 15:00:00,,,,,
2024-04-23 09:45:00,,,,,
2024-04-23 10:00:00,,,,,
2024-04-23 10:15:00,,,,,
2024-04-23 10:30:00,,,,,
2024-04-23 10:45:00,,,,,
2024-04-23 11:00:00,,,,,
2024-04-23 11:15:00,,,,,
2024-04-23 11:30:00,,,,,
2024-04-23 13:15:00,,,,,
2024-04-23 13:30:00,,,,,
2024-04-23 13:45:00,,,,,
2024-04-23 14:00:00,,,,,
2024-04-23 14:15:00,,,,,
2024-04-23 14:30:00,,,,,
2024-04-23 14:45:00,,,,,
2024-04-23 15:00:00,,,,,
2024-04-24 09:45:00,,,,,
2024-04-24 10:00:00,,,,,
2024-04-24 10:15:00,,,,,
2024-04-24 10:30:00,,,,,
2024-04-24 10:45:00,,,,,
2024-04-24 11:00:00,,,,,
2024-04-24 11:15:00,,,,,
2024-04-24 11:30:00,,,,,
2024-04-24 13:15:00,,,,,
2024-04-24 13:30:00,,,,,
2024-04-24 13:45:00,,,,,
2024-04-24 14:00:00,,,,,
2024-04-24 14:15:00,,,,,
2024-04-24 14:30:00,,,,,
2024-04-24 14:45:00,,,,,
2024-04-24 15:00:00,,,,,
2024-04-25 09:45:00,,,,,
2024-04-25 10:00:00,,,,,
2024-04-25 10:15:00,,,,,
2024-04-25 10:30:00,,,,,
2024-04-25 10:45:00,,,,,
2024-04-25 11:00:00,,,,,
2024-04-25 11:15:00,,,,,
2024-04-25 11:30:00,,,,,
2024-04-25 13:15:00,,,,,
2024-04-25 13:30:00,,,,,
2024-04-25 13:45:00,,,,,
2024-04-25 14:00:00,,,,,
2024-04-25 14:15:00,,,,,
2024-04-25 14:30:00,,,,,
2024-04-25 14:45:00,,,,,
2024-04-25 15:00:00,,,,,
2024-04-26 09:45:00,,,,,
2024-04-26 10:00:00,,,,,
2024-04-26 10:15:00,,,,,
2024-04-26 10:30:00,,,,,
2024-04-26 10:45:00,,,,,
2024-04-26 11:00:00,,,,,
2024-04-26 11:15:00,,,,,
2024-04-26 11:30:00,,,,,
2024-04-26 13:15:00,,,,,
2024-04-26 13:30:00,,,,,
2024-04-26 13:45:00,,,,,
2024-04-26 14:00:00,,,,,
2024-04-26 14:15:00,,,,,
2024-04-26 14:30:00,,,,,
2024-04-26 14:45:00,,,,,
2024-04-26 15:00:00,,,,,
2024-04-29 09:45:00,,,,,
2024-04-29 10:00:00,,,,,
2024-04-29 10:15:00,,,,,
2024-04-29 10:30:00,,,,,
2024-04-29 10:45:00,,,,,
2024-04-29 11:00:00,,,,,
2024-04-29 11:15:00,,,,,
2024-04-29 11:30:00,,,,,
2024-04-29 13:15:00,,,,,
2024-04-29 13:30:00,,,,,
2024-04-29 13:45:00,,,,,
2024-04-29 14:00:00,,,,,
2024-04-29 14:15:00,,,,,
2024-04-29 14:30:00,,,,,
2024-04-29 14:45:00,,,,,
2024-04-29 15:00:00,,,,,
2024-04-30 09:45:00,,,,,
2024-04-30 10:00:00,,,,,
2024-04-30 10:15:00,,,,,
2024-04-30 10:30:00,,,,,
2024-04-30 10:45:00,,,,,
2024-04-30 11:00:00,,,,,
2024-04-30 11:15:00,,,,,
2024-04-30 11:30:00,,,,,
2024-04-30 13:15:00,,,,,
2024-04-30 13:30:00,,,,,
2024-04-30 13:45:00,,,,,
2024-04-30 14:00:00,,,,,
2024-04-30 14:15:00,,,,,
2024-04-30 14:30:00,,,,,
2024-04-30 14:45:00,,,,,
2024-04-30 15:00:00,,,,,
2024-05-06 09:45:00,,,,,
2024-05-06 10:00:00,,,,,
2024-05-06 10:15:00,,,,,
2024-05-06 10:30:00,,,,,
2024-05-06 10:45:00,,,,,
2024-05-06 11:00:00,,,,,
2024-05-06 11:15:00,,,,,
2024-05-06 11:30:00,,,,,
2024-05-06 13:15:00,,,,,
2024-05-06 13:30:00,,,,,
2024-05-06 13:45:00,,,,,
2024-05-06 14:00:00,,,,,
2024-05-06 14:15:00,,,,,
2024-05-06 14:30:00,,,,,
2024-05-06 14:45:00,,,,,
2024-05-06 15:00:00,,,,,
2024-05-07 09:45:00,,,,,
2024-05-07 10:00:00,,,,,
2024-05-07 10:15:00,,,,,
2024-05-07 10:30:00,,,,,
2024-05-07 10:45:00,,,,,
2024-05-07 11:00:00,,,,,
2024-05-07 11:15:00,,,,,
2024-05-07 11:30:00,,,,,
2024-05-07 13:15:00,,,,,
2024-05-07 13:30:00,,,,,
2024-05-07 13:45:00,,,,,
2024-05-07 14:00:00,,,,,
2024-05-07 14:15:00,,,,,
2024-05-07 14:30:00,,,,,
2024-05-07 14:45:00,,,,,
2024-05-07 15:00:00,,,,,
2024-05-08 09:45:00,,,,,
2024-05-08 10:00:00,,,,,
2024-05-08 10:15:00,,,,,
2024-05-08 10:30:00,,,,,
2024-05-08 10:45:00,,,,,
2024-05-08 11:00:00,,,,,
2024-05-08 11:15:00,,,,,
2024-05-08 11:30:00,,,,,
2024-05-08 13:15:00,,,,,
2024-05-08 13:30:00,,,,,
2024-05-08 13:45:00,,,,,
2024-05-08 14:00:00,,,,,
2024-05-08 14:15:00,,,,,
2024-05-08 14:30:00,,,,,
2024-05-08 14:45:00,,,,,
2024-05-08 15:00:00,,,,,
2024-05-09 09:45:00,,,,,
2024-05-09 10:00:00,,,,,
2024-05-09 10:15:00,,,,,
2024-05-09 10:30:00,,,,,
2024-05-09 10:45:00,,,,,
2024-05-09 11:00:00,,,,,
2024-05-09 11:15:00,,,,,
2024-05-09 11:30:00,,,,,
2024-05-09 13:15:00,,,,,
2024-05-09 13:30:00,,,,,
2024-05-09 13:45:00,,,,,
2024-05-09 14:00:00,,,,,
2024-05-09 14:15:00,,,,,
2024-05-09 14:30:00,,,,,
2024-05-09 14:45:00,,,,,
2024-05-09 15:00:00,,,,,
2024-05-10 09:45:00,,,,,
2024-05-10 10:00:00,,,,,
2024-05-10 10:15:00,,,,,
2024-05-10 10:30:00,,,,,
2024-05-10 10:45:00,,,,,
2024-05-10 11:00:00,,,,,
2024-05-10 11:15:00,,,,,
2024-05-10 11:30:00,,,,,
2024-05-10 13:15:00,,,,,
2024-05-10 13:30:00,,,,,
2024-05-10 13:45:00,,,,,
2024-05-10 14:00:00,,,,,
2024-05-10 14:15:00,,,,,
2024-05-10 14:30:00,,,,,
2024-05-10 14:45:00,,,,,
2024-05-10 15:00:00,,,,,
2024-05-13 09:45:00,,,,,
2024-05-13 10:00:00,,,,,
2024-05-13 10:15:00,,,,,
2024-05-13 10:30:00,,,,,
2024-05-13 10:45:00,,,,,
2024-05-13 11:00:00,,,,,
2024-05-13 11:15:00,,,,,
2024-05-13 11:30:00,,,,,
2024-05-13 13:15:00,,,,,
2024-05-13 13:30:00,,,,,
2024-05-13 13:45:00,,,,,
2024-05-13 14:00:00,,,,,
2024-05-13 14:15:00,,,,,
2024-05-13 14:30:00,,,,,
2024-05-13 14:45:00,,,,,
2024-05-13 15:00:00,,,,,
2024-05-14 09:45:00,,,,,
2024-05-14 10:00:00,,,,,
2024-05-14 10:15:00,,,,,
2024-05-14 10:30:00,,,,,
2024-05-14 10:45:00,,,,,
2024-05-14 11:00:00,,,,,
2024-05-14 11:15:00,,,,,
2024-05-14 11:30:00,,,,,
2024-05-14 13:15:00,,,,,
2024-05-14 13:30:00,,,,,
2024-05-14 13:45:00,,,,,
2024-05-14 14:00:00,,,,,
2024-05-14 14:15:00,,,,,
2024-05-14 14:30:00,,,,,
2024-05-14 14:45:00,,,,,
2024-05-14 15:00:00,,,,,
2024-05-15 09:45:00,,,,,
2024-05-15 10:00:00,,,,,
2024-05-15 10:15:00,,,,,
2024-05-15 10:30:00,,,,,
2024-05-15 10:45:00,,,,,
2024-05-15 11:00:00,,,,,
2024-05-15 11:15:00,,,,,
2024-05-15 11:30:00,,,,,
2024-05-15 13:15:00,,,,,
2024-05-15 13:30:00,,,,,
2024-05-15 13:45:00,,,,,
2024-05-15 14:00:00,,,,,
2024-05-15 14:15:00,,,,,
2024-05-15 14:30:00,,,,,
2024-05-15 14:45:00,,,,,
2024-05-15 15:00:00,,,,,
2024-05-16 09:45:00,,,,,
2024-05-16 10:00:00,,,,,
2024-05-16 10:15:00,,,,,
2024-05-16 10:30:00,,,,,
2024-05-16 10:45:00,,,,,
2024-05-16 11:00:00,,,,,
2024-05-16 11:15:00,,,,,
2024-05-16 11:30:00,,,,,
2024-05-16 13:15:00,,,,,
2024-05-16 13:30:00,,,,,
2024-05-16 13:45:00,,,,,
2024-05-16 14:00:00,,,,,
2024-05-16 14:15:00,,,,,
2024-05-16 14:30:00,,,,,
2024-05-16 14:45:00,,,,,
2024-05-16 15:00:00,,,,,
2024-05-17 09:45:00,,,,,
2024-05-17 10:00:00,,,,,
2024-05-17 10:15:00,,,,,
2024-05-17 10:30:00,,,,,
2024-05-17 10:45:00,,,,,
2024-05-17 11:00:00,,,,,
2024-05-17 11:15:00,,,,,
2024-05-17 11:30:00,,,,,
2024-05-17 13:15:00,,,,,
2024-05-17 13:30:00,,,,,
2024-05-17 13:45:00,,,,,
2024-05-17 14:00:00,,,,,
2024-05-17 14:15:00,,,,,
2024-05-17 14:30:00,,,,,
2024-05-17 14:45:00,,,,,
2024-05-17 15:00:00,,,,,
2024-05-20 09:45:00,,,,,
2024-05-20 10:00:00,,,,,
2024-05-20 10:15:00,,,,,
2024-05-20 10:30:00,,,,,
2024-05-20 10:45:00,,,,,
2024-05-20 11:00:00,,,,,
2024-05-20 11:15:00,,,,,
2024-05-20 11:30:00,,,,,
2024-05-20 13:15:00,,,,,
2024-05-20 13:30:00,,,,,
2024-05-20 13:45:00,,,,,
2024-05-20 14:00:00,,,,,
2024-05-20 14:15:00,,,,,
2024-05-20 14:30:00,,,,,
2024-05-20 14:45:00,,,,,
2024-05-20 15:00:00,,,,,
2024-05-21 09:45:00,,,,,
2024-05-21 10:00:00,,,,,
2024-05-21 10:15:00,,,,,
2024-05-21 10:30:00,,,,,
2024-05-21 10:45:00,,,,,
2024-05-21 11:00:00,,,,,
2024-05-21 11:15:00,,,,,
2024-05-21 11:30:00,,,,,
2024-05-21 13:15:00,,,,,
2024-05-21 13:30:00,,,,,
2024-05-21 13:45:00,,,,,
2024-05-21 14:00:00,,,,,
2024-05-21 14:15:00,,,,,
2024-05-21 14:30:00,,,,,
2024-05-21 14:45:00,,,,,
2024-05-21 15:00:00,,,,,
2024-05-22 09:45:00,,,,,
2024-05-22 10:00:00,,,,,
2024-05-22 10:15:00,,,,,
2024-05-22 10:30:00,,,,,
2024-05-22 10:45:00,,,,,
2024-05-22 11:00:00,,,,,
2024-05-22 11:15:00,,,,,
2024-05-22 11:30:00,,,,,
2024-05-22 13:15:00,,,,,
2024-05-22 13:30:00,,,,,
2024-05-22 13:45:00,,,,,
2024-05-22 14:00:00,,,,,
2024-05-22 14:15:00,,,,,
2024-05-22 14:30:00,,,,,
2024-05-22 14:45:00,,,,,
2024-05-22 15:00:00,,,,,
2024-05-23 09:45:00,,,,,
2024-05-23 10:00:00,,,,,
2024-05-23 10:15:00,,,,,
2024-05-23 10:30:00,,,,,
2024-05-23 10:45:00,,,,,
2024-05-23 11:00:00,,,,,
2024-05-23 11:15:00,,,,,
2024-05-23 11:30:00,,,,,
2024-05-23 13:15:00,,,,,
2024-05-23 13:30:00,,,,,
2024-05-23 13:45:00,,,,,
2024-05-23 14:00:00,,,,,
2024-05-23 14:15:00,,,,,
2024-05-23 14:30:00,,,,,
2024-05-23 14:45:00,,,,,
2024-05-23 15:00:00,,,,,
2024-05-24 09:45:00,,,,,
2024-05-24 10:00:00,,,,,
2024-05-24 10:15:00,,,,,
2024-05-24 10:30:00,,,,,
2024-05-24 10:45:00,,,,,
2024-05-24 11:00:00,,,,,
2024-05-24 11:15:00,,,,,
2024-05-24 11:30:00,,,,,
2024-05-24 13:15:00,,,,,
2024-05-24 13:30:00,,,,,
2024-05-24 13:45:00,,,,,
2024-05-24 14:00:00,,,,,
2024-05-24 14:15:00,,,,,
2024-05-24 14:30:00,,,,,
2024-05-24 14:45:00,,,,,
2024-05-24 15:00:00,,,,,
2024-05-27 09:45:00,,,,,
2024-05-27 10:00:00,,,,,
2024-05-27 10:15:00,,,,,
2024-05-27 10:30:00,,,,,
2024-05-27 10:45:00,,,,,
2024-05-27 11:00:00,,,,,
2024-05-27 11:15:00,,,,,
2024-05-27 11:30:00,,,,,
2024-05-27 13:15:00,,,,,
2024-05-27 13:30:00,,,,,
2024-05-27 13:45:00,,,,,
2024-05-27 14:00:00,,,,,
2024-05-27 14:15:00,,,,,
2024-05-27 14:30:00,,,,,
2024-05-27 14:45:00,,,,,
2024-05-27 15:00:00,,,,,
2024-05-28 09:45:00,,,,,
2024-05-28 10:00:00,,,,,
2024-05-28 10:15:00,,,,,
2024-05-28 10:30:00,,,,,
2024-05-28 10:45:00,,,,,
2024-05-28 11:00:00,,,,,
2024-05-28 11:15:00,,,,,
2024-05-28 11:30:00,,,,,
2024-05-28 13:15:00,,,,,
2024-05-28 13:30:00,,,,,
2024-05-28 13:45:00,,,,,
2024-05-28 14:00:00,,,,,
2024-05-28 14:15:00,,,,,
2024-05-28 14:30:00,,,,,
2024-05-28 14:45:00,,,,,
2024-05-28 15:00:00,,,,,
2024-05-29 09:45:00,,,,,
2024-05-29 10:00:00,,,,,
2024-05-29 10:15:00,,,,,
2024-05-29 10:30:00,,,,,
2024-05-29 10:45:00,,,,,
2024-05-29 11:00:00,,,,,
2024-05-29 11:15:00,,,,,
2024-05-29 11:30:00,,,,,
2024-05-29 13:15:00,,,,,
2024-05-29 13:30:00,,,,,
2024-05-29 13:45:00,,,,,
2024-05-29 14:00:00,,,,,
2024-05-29 14:15:00,,,,,
2024-05-29 14:30:00,,,,,
2024-05-29 14:45:00,,,,,
2024-05-29 15:00:00,,,,,
2024-05-30 09:45:00,,,,,
2024-05-30 10:00:00,,,,,
2024-05-30 10:15:00,,,,,
2024-05-30 10:30:00,,,,,
2024-05-30 10:45:00,,,,,
2024-05-30 11:00:00,,,,,
2024-05-30 11:15:00,,,,,
2024-05-30 11:30:00,,,,,
2024-05-30 13:15:00,,,,,
2024-05-30 13:30:00,,,,,
2024-05-30 13:45:00,,,,,
2024-05-30 14:00:00,,,,,
2024-05-30 14:15:00,,,,,
2024-05-30 14:30:00,,,,,
2024-05-30 14:45:00,,,,,
2024-05-30 15:00:00,,,,,
2024-05-31 09:45:00,,,,,
2024-05-31 10:00:00,,,,,
2024-05-31 10:15:00,,,,,
2024-05-31 10:30:00,,,,,
2024-05-31 10:45:00,,,,,
2024-05-31 11:00:00,,,,,
2024-05-31 11:15:00,,,,,
2024-05-31 11:30:00,,,,,
2024-05-31 13:15:00,,,,,
2024-05-31 13:30:00,,,,,
2024-05-31 13:45:00,,,,,
2024-05-31 14:00:00,,,,,
2024-05-31 14:15:00,,,,,
2024-05-31 14:30:00,,,,,
2024-05-31 14:45:00,,,,,
2024-05-31 15:00:00,,,,,
2024-06-03 09:45:00,,,,,
2024-06-03 10:00:00,,,,,
2024-06-03 10:15:00,,,,,
2024-06-03 10:30:00,,,,,
2024-06-03 10:45:00,,,,,
2024-06-03 11:00:00,,,,,
2024-06-03 11:15:00,,,,,
2024-06-03 11:30:00,,,,,
2024-06-03 13:15:00,,,,,
2024-06-03 13:30:00,,,,,
2024-06-03 13:45:00,,,,,
2024-06-03 14:00:00,,,,,
2024-06-03 14:15:00,,,,,
2024-06-03 14:30:00,,,,,
2024-06-03 14:45:00,,,,,
2024-06-03 15:00:00,,,,,
2024-06-04 09:45:00,,,,,
2024-06-04 10:00:00,,,,,
2024-06-04 10:15:00,,,,,
2024-06-04 10:30:00,,,,,
2024-06-04 10:45:00,,,,,
2024-06-04 11:00:00,,,,,
2024-06-04 11:15:00,,,,,
2024-06-04 11:30:00,,,,,
2024-06-04 13:15:00,,,,,
2024-06-04 13:30:00,,,,,
2024-06-04 13:45:00,,,,,
2024-06-04 14:00:00,,,,,
2024-06-04 14:15:00,,,,,
2024-06-04 14:30:00,,,,,
2024-06-04 14:45:00,,,,,
2024-06-04 15:00:00,,,,,
2024-06-05 09:45:00,,,,,
2024-06-05 10:00:00,,,,,
2024-06-05 10:15:00,,,,,
2024-06-05 10:30:00,,,,,
2024-06-05 10:45:00,,,,,
2024-06-05 11:00:00,,,,,
2024-06-05 11:15:00,,,,,
2024-06-05 11:30:00,,,,,
2024-06-05 13:15:00,,,,,
2024-06-05 13:30:00,,,,,
2024-06-05 13:45:00,,,,,
2024-06-05 14:00:00,,,,,
2024-06-05 14:15:00,,,,,
2024-06-05 14:30:00,,,,,
2024-06-05 14:45:00,,,,,
2024-06-05 15:00:00,,,,,
2024-06-06 09:45:00,,,,,
2024-06-06 10:00:00,,,,,
2024-06-06 10:15:00,,,,,
2024-06-06 10:30:00,,,,,
2024-06-06 10:45:00,,,,,
2024-06-06 11:00:00,,,,,
2024-06-06 11:15:00,,,,,
2024-06-06 11:30:00,,,,,
2024-06-06 13:15:00,,,,,
2024-06-06 13:30:00,,,,,
2024-06-06 13:45:00,,,,,
2024-06-06 14:00:00,,,,,
2024-06-06 14:15:00,,,,,
2024-06-06 14:30:00,,,,,
2024-06-06 14:45:00,,,,,
2024-06-06 15:00:00,,,,,
2024-06-07 09:45:00,,,,,
2024-06-07 10:00:00,,,,,
2024-06-07 10:15:00,,,,,
2024-06-07 10:30:00,,,,,
2024-06-07 10:45:00,,,,,
2024-06-07 11:00:00,,,,,
2024-06-07 11:15:00,,,,,
2024-06-07 11:30:00,,,,,
2024-06-07 13:15:00,,,,,
2024-06-07 13:30:00,,,,,
2024-06-07 13:45:00,,,,,
2024-06-07 14:00:00,,,,,
2024-06-07 14:15:00,,,,,
2024-06-07 14:30:00,,,,,
2024-06-07 14:45:00,,,,,
2024-06-07 15:00:00,,,,,
2024-06-11 09:45:00,,,,,
2024-06-11 10:00:00,,,,,
2024-06-11 10:15:00,,,,,
2024-06-11 10:30:00,,,,,
2024-06-11 10:45:00,,,,,
2024-06-11 11:00:00,,,,,
2024-06-11 11:15:00,,,,,
2024-06-11 11:30:00,,,,,
2024-06-11 13:15:00,,,,,
2024-06-11 13:30:00,,,,,
2024-06-11 13:45:00,,,,,
2024-06-11 14:00:00,,,,,
2024-06-11 14:15:00,,,,,
2024-06-11 14:30:00,,,,,
2024-06-11 14:45:00,,,,,
2024-06-11 15:00:00,,,,,
2024-06-12 09:45:00,,,,,
2024-06-12 10:00:00,,,,,
2024-06-12 10:15:00,,,,,
2024-06-12 10:30:00,,,,,
2024-06-12 10:45:00,,,,,
2024-06-12 11:00:00,,,,,
2024-06-12 11:15:00,,,,,
2024-06-12 11:30:00,,,,,
2024-06-12 13:15:00,,,,,
2024-06-12 13:30:00,,,,,
2024-06-12 13:45:00,,,,,
2024-06-12 14:00:00,,,,,
2024-06-12 14:15:00,,,,,
2024-06-12 14:30:00,,,,,
2024-06-12 14:45:00,,,,,
2024-06-12 15:00:00,,,,,
2024-06-13 09:45:00,,,,,
2024-06-13 10:00:00,,,,,
2024-06-13 10:15:00,,,,,
2024-06-13 10:30:00,,,,,
2024-06-13 10:45:00,,,,,
2024-06-13 11:00:00,,,,,
2024-06-13 11:15:00,,,,,
2024-06-13 11:30:00,,,,,
2024-06-13 13:15:00,,,,,
2024-06-13 13:30:00,,,,,
2024-06-13 13:45:00,,,,,
2024-06-13 14:00:00,,,,,
2024-06-13 14:15:00,,,,,
2024-06-13 14:30:00,,,,,
2024-06-13 14:45:00,,,,,
2024-06-13 15:00:00,,,,,
2024-06-14 09:45:00,,,,,
2024-06-14 10:00:00,,,,,
2024-06-14 10:15:00,,,,,
2024-06-14 10:30:00,,,,,
2024-06-14 10:45:00,,,,,
2024-06-14 11:00:00,,,,,
2024-06-14 11:15:00,,,,,
2024-06-14 11:30:00,,,,,
2024-06-14 13:15:00,,,,,
2024-06-14 13:30:00,,,,,
2024-06-14 13:45:00,,,,,
2024-06-14 14:00:00,,,,,
2024-06-14 14:15:00,,,,,
2024-06-14 14:30:00,,,,,
2024-06-14 14:45:00,,,,,
2024-06-14 15:00:00,,,,,
2024-06-17 09:45:00,,,,,
2024-06-17 10:00:00,,,,,
2024-06-17 10:15:00,,,,,
2024-06-17 10:30:00,,,,,
2024-06-17 10:45:00,,,,,
2024-06-17 11:00:00,,,,,
2024-06-17 11:15:00,,,,,
2024-06-17 11:30:00,,,,,
2024-06-17 13:15:00,,,,,
2024-06-17 13:30:00,,,,,
2024-06-17 13:45:00,,,,,
2024-06-17 14:00:00,,,,,
2024-06-17 14:15:00,,,,,
2024-06-17 14:30:00,,,,,
2024-06-17 14:45:00,,,,,
2024-06-17 15:00:00,,,,,
2024-06-18 09:45:00,,,,,
2024-06-18 10:00:00,,,,,
2024-06-18 10:15:00,,,,,
2024-06-18 10:30:00,,,,,
2024-06-18 10:45:00,,,,,
2024-06-18 11:00:00,,,,,
2024-06-18 11:15:00,,,,,
2024-06-18 11:30:00,,,,,
2024-06-18 13:15:00,,,,,
2024-06-18 13:30:00,,,,,
2024-06-18 13:45:00,,,,,
2024-06-18 14:00:00,,,,,
2024-06-18 14:15:00,,,,,
2024-06-18 14:30:00,,,,,
2024-06-18 14:45:00,,,,,
2024-06-18 15:00:00,,,,,
2024-06-19 09:45:00,,,,,
2024-06-19 10:00:00,,,,,
2024-06-19 10:15:00,,,,,
2024-06-19 10:30:00,,,,,
2024-06-19 10:45:00,,,,,
2024-06-19 11:00:00,,,,,
2024-06-19 11:15:00,,,,,
2024-06-19 11:30:00,,,,,
2024-06-19 13:15:00,,,,,
2024-06-19 13:30:00,,,,,
2024-06-19 13:45:00,,,,,
2024-06-19 14:00:00,,,,,
2024-06-19 14:15:00,,,,,
2024-06-19 14:30:00,,,,,
2024-06-19 14:45:00,,,,,
2024-06-19 15:00:00,,,,,
2024-06-20 09:45:00,,,,,
2024-06-20 10:00:00,,,,,
2024-06-20 10:15:00,,,,,
2024-06-20 10:30:00,,,,,
2024-06-20 10:45:00,,,,,
2024-06-20 11:00:00,,,,,
2024-06-20 11:15:00,,,,,
2024-06-20 11:30:00,,,,,
2024-06-20 13:15:00,,,,,
2024-06-20 13:30:00,,,,,
2024-06-20 13:45:00,,,,,
2024-06-20 14:00:00,,,,,
2024-06-20 14:15:00,,,,,
2024-06-20 14:30:00,,,,,
2024-06-20 14:45:00,,,,,
2024-06-20 15:00:00,,,,,
2024-06-21 09:45:00,,,,,
2024-06-21 10:00:00,,,,,
2024-06-21 10:15:00,,,,,
2024-06-21 10:30:00,,,,,
2024-06-21 10:45:00,,,,,
2024-06-21 11:00:00,,,,,
2024-06-21 11:15:00,,,,,
2024-06-21 11:30:00,,,,,
2024-06-21 13:15:00,,,,,
2024-06-21 13:30:00,,,,,
2024-06-21 13:45:00,,,,,
2024-06-21 14:00:00,,,,,
2024-06-21 14:15:00,,,,,
2024-06-21 14:30:00,,,,,
2024-06-21 14:45:00,,,,,
2024-06-21 15:00:00,,,,,
2024-06-24 09:45:00,,,,,
2024-06-24 10:00:00,,,,,
2024-06-24 10:15:00,,,,,
2024-06-24 10:30:00,,,,,
2024-06-24 10:45:00,,,,,
2024-06-24 11:00:00,,,,,
2024-06-24 11:15:00,,,,,
2024-06-24 11:30:00,,,,,
2024-06-24 13:15:00,,,,,
2024-06-24 13:30:00,,,,,
2024-06-24 13:45:00,,,,,
2024-06-24 14:00:00,,,,,
2024-06-24 14:15:00,,,,,
2024-06-24 14:30:00,,,,,
2024-06-24 14:45:00,,,,,
2024-06-24 15:00:00,,,,,
2024-06-25 09:45:00,,,,,
2024-06-25 10:00:00,,,,,
2024-06-25 10:15:00,,,,,
2024-06-25 10:30:00,,,,,
2024-06-25 10:45:00,,,,,
2024-06-25 11:00:00,,,,,
2024-06-25 11:15:00,,,,,
2024-06-25 11:30:00,,,,,
2024-06-25 13:15:00,,,,,
2024-06-25 13:30:00,,,,,
2024-06-25 13:45:00,,,,,
2024-06-25 14:00:00,,,,,
2024-06-25 14:15:00,,,,,
2024-06-25 14:30:00,,,,,
2024-06-25 14:45:00,,,,,
2024-06-25 15:00:00,,,,,
2024-06-26 09:45:00,,,,,
2024-06-26 10:00:00,,,,,
2024-06-26 10:15:00,,,,,
2024-06-26 10:30:00,,,,,
2024-06-26 10:45:00,,,,,
2024-06-26 11:00:00,,,,,
2024-06-26 11:15:00,,,,,
2024-06-26 11:30:00,,,,,
2024-06-26 13:15:00,,,,,
2024-06-26 13:30:00,,,,,
2024-06-26 13:45:00,,,,,
2024-06-26 14:00:00,,,,,
2024-06-26 14:15:00,,,,,
2024-06-26 14:30:00,,,,,
2024-06-26 14:45:00,,,,,
2024-06-26 15:00:00,,,,,
2024-06-27 09:45:00,,,,,
2024-06-27 10:00:00,,,,,
2024-06-27 10:15:00,,,,,
2024-06-27 10:30:00,,,,,
2024-06-27 10:45:00,,,,,
2024-06-27 11:00:00,,,,,
2024-06-27 11:15:00,,,,,
2024-06-27 11:30:00,,,,,
2024-06-27 13:15:00,,,,,
2024-06-27 13:30:00,,,,,
2024-06-27 13:45:00,,,,,
2024-06-27 14:00:00,,,,,
2024-06-27 14:15:00,,,,,
2024-06-27 14:30:00,,,,,
2024-06-27 14:45:00,,,,,
2024-06-27 15:00:00,,,,,
2024-06-28 09:45:00,,,,,
2024-06-28 10:00:00,,,,,
2024-06-28 10:15:00,,,,,
2024-06-28 10:30:00,,,,,
2024-06-28 10:45:00,,,,,
2024-06-28 11:00:00,,,,,
2024-06-28 11:15:00,,,,,
2024-06-28 11:30:00,,,,,
2024-06-28 13:15:00,,,,,
2024-06-28 13:30:00,,,,,
2024-06-28 13:45:00,,,,,
2024-06-28 14:00:00,,,,,
2024-06-28 14:15:00,,,,,
2024-06-28 14:30:00,,,,,
2024-06-28 14:45:00,,,,,
2024-06-28 15:00:00,,,,,
2024-07-01 09:45:00,,,,,
2024-07-01 10:00:00,,,,,
2024-07-01 10:15:00,,,,,
2024-07-01 10:30:00,,,,,
2024-07-01 10:45:00,,,,,
2024-07-01 11:00:00,,,,,
2024-07-01 11:15:00,,,,,
2024-07-01 11:30:00,,,,,
2024-07-01 13:15:00,,,,,
2024-07-01 13:30:00,,,,,
2024-07-01 13:45:00,,,,,
2024-07-01 14:00:00,,,,,
2024-07-01 14:15:00,,,,,
2024-07-01 14:30:00,,,,,
2024-07-01 14:45:00,,,,,
2024-07-01 15:00:00,,,,,
2024-07-02 09:45:00,,,,,
2024-07-02 10:00:00,,,,,
2024-07-02 10:15:00,,,,,
2024-07-02 10:30:00,,,,,
2024-07-02 10:45:00,,,,,
2024-07-02 11:00:00,,,,,
2024-07-02 11:15:00,,,,,
2024-07-02 11:30:00,,,,,
2024-07-02 13:15:00,,,,,
2024-07-02 13:30:00,,,,,
2024-07-02 13:45:00,,,,,
2024-07-02 14:00:00,,,,,
2024-07-02 14:15:00,,,,,
2024-07-02 14:30:00,,,,,
2024-07-02 14:45:00,,,,,
2024-07-02 15:00:00,,,,,
2024-07-03 09:45:00,,,,,
2024-07-03 10:00:00,,,,,
2024-07-03 10:15:00,,,,,
2024-07-03 10:30:00,,,,,
2024-07-03 10:45:00,,,,,
2024-07-03 11:00:00,,,,,
2024-07-03 11:15:00,,,,,
2024-07-03 11:30:00,,,,,
2024-07-03 13:15:00,,,,,
2024-07-03 13:30:00,,,,,
2024-07-03 13:45:00,,,,,
2024-07-03 14:00:00,,,,,
2024-07-03 14:15:00,,,,,
2024-07-03 14:30:00,,,,,
2024-07-03 14:45:00,,,,,
2024-07-03 15:00:00,,,,,
2024-07-04 09:45:00,,,,,
2024-07-04 10:00:00,,,,,
2024-07-04 10:15:00,,,,,
2024-07-04 10:30:00,,,,,
2024-07-04 10:45:00,,,,,
2024-07-04 11:00:00,,,,,
2024-07-04 11:15:00,,,,,
2024-07-04 11:30:00,,,,,
2024-07-04 13:15:00,,,,,
2024-07-04 13:30:00,,,,,
2024-07-04 13:45:00,,,,,
2024-07-04 14:00:00,,,,,
2024-07-04 14:15:00,,,,,
2024-07-04 14:30:00,,,,,
2024-07-04 14:45:00,,,,,
2024-07-04 15:00:00,,,,,
2024-07-05 09:45:00,,,,,
2024-07-05 10:00:00,,,,,
2024-07-05 10:15:00,,,,,
2024-07-05 10:30:00,,,,,
2024-07-05 10:45:00,,,,,
2024-07-05 11:00:00,,,,,
2024-07-05 11:15:00,,,,,
2024-07-05 11:30:00,,,,,
2024-07-05 13:15:00,,,,,
2024-07-05 13:30:00,,,,,
2024-07-05 13:45:00,,,,,
2024-07-05 14:00:00,,,,,
2024-07-05 14:15:00,,,,,
2024-07-05 14:30:00,,,,,
2024-07-05 14:45:00,,,,,
2024-07-05 15:00:00,,,,,
2024-07-08 09:45:00,,,,,
2024-07-08 10:00:00,,,,,
2024-07-08 10:15:00,,,,,
2024-07-08 10:30:00,,,,,
2024-07-08 10:45:00,,,,,
2024-07-08 11:00:00,,,,,
2024-07-08 11:15:00,,,,,
2024-07-08 11:30:00,,,,,
2024-07-08 13:15:00,,,,,
2024-07-08 13:30:00,,,,,
2024-07-08 13:45:00,,,,,
2024-07-08 14:00:00,,,,,
2024-07-08 14:15:00,,,,,
2024-07-08 14:30:00,,,,,
2024-07-08 14:45:00,,,,,
2024-07-08 15:00:00,,,,,
2024-07-09 09:45:00,,,,,
2024-07-09 10:00:00,,,,,
2024-07-09 10:15:00,,,,,
2024-07-09 10:30:00,,,,,
2024-07-09 10:45:00,,,,,
2024-07-09 11:00:00,,,,,
2024-07-09 11:15:00,,,,,
2024-07-09 11:30:00,,,,,
2024-07-09 13:15:00,,,,,
2024-07-09 13:30:00,,,,,
2024-07-09 13:45:00,,,,,
2024-07-09 14:00:00,,,,,
2024-07-09 14:15:00,,,,,
2024-07-09 14:30:00,,,,,
2024-07-09 14:45:00,,,,,
2024-07-09 15:00:00,,,,,
2024-07-10 09:45:00,,,,,
2024-07-10 10:00:00,,,,,
2024-07-10 10:15:00,,,,,
2024-07-10 10:30:00,,,,,
2024-07-10 10:45:00,,,,,
2024-07-10 11:00:00,,,,,
2024-07-10 11:15:00,,,,,
2024-07-10 11:30:00,,,,,
2024-07-10 13:15:00,,,,,
2024-07-10 13:30:00,,,,,
2024-07-10 13:45:00,,,,,
2024-07-10 14:00:00,,,,,
2024-07-10 14:15:00,,,,,
2024-07-10 14:30:00,,,,,
2024-07-10 14:45:00,,,,,
2024-07-10 15:00:00,,,,,
2024-07-11 09:45:00,,,,,
2024-07-11 10:00:00,,,,,
2024-07-11 10:15:00,,,,,
2024-07-11 10:30:00,,,,,
2024-07-11 10:45:00,,,,,
2024-07-11 11:00:00,,,,,
2024-07-11 11:15:00,,,,,
2024-07-11 11:30:00,,,,,
2024-07-11 13:15:00,,,,,
2024-07-11 13:30:00,,,,,
2024-07-11 13:45:00,,,,,
2024-07-11 14:00:00,,,,,
2024-07-11 14:15:00,,,,,
2024-07-11 14:30:00,,,,,
2024-07-11 14:45:00,,,,,
2024-07-11 15:00:00,,,,,
2024-07-12 09:45:00,,,,,
2024-07-12 10:00:00,,,,,
2024-07-12 10:15:00,,,,,
2024-07-12 10:30:00,,,,,
2024-07-12 10:45:00,,,,,
2024-07-12 11:00:00,,,,,
2024-07-12 11:15:00,,,,,
2024-07-12 11:30:00,,,,,
2024-07-12 13:15:00,,,,,
2024-07-12 13:30:00,,,,,
2024-07-12 13:45:00,,,,,
2024-07-12 14:00:00,,,,,
2024-07-12 14:15:00,,,,,
2024-07-12 14:30:00,,,,,
2024-07-12 14:45:00,,,,,
2024-07-12 15:00:00,,,,,
2024-07-15 09:45:00,,,,,
2024-07-15 10:00:00,,,,,
2024-07-15 10:15:00,,,,,
2024-07-15 10:30:00,,,,,
2024-07-15 10:45:00,,,,,
2024-07-15 11:00:00,,,,,
2024-07-15 11:15:00,,,,,
2024-07-15 11:30:00,,,,,
2024-07-15 13:15:00,,,,,
2024-07-15 13:30:00,,,,,
2024-07-15 13:45:00,,,,,
2024-07-15 14:00:00,,,,,
2024-07-15 14:15:00,,,,,
2024-07-15 14:30:00,,,,,
2024-07-15 14:45:00,,,,,
2024-07-15 15:00:00,,,,,
2024-07-16 09:45:00,,,,,
2024-07-16 10:00:00,,,,,
2024-07-16 10:15:00,,,,,
2024-07-16 10:30:00,,,,,
2024-07-16 10:45:00,,,,,
2024-07-16 11:00:00,,,,,
2024-07-16 11:15:00,,,,,
2024-07-16 11:30:00,,,,,
2024-07-16 13:15:00,,,,,
2024-07-16 13:30:00,,,,,
2024-07-16 13:45:00,,,,,
2024-07-16 14:00:00,,,,,
2024-07-16 14:15:00,,,,,
2024-07-16 14:30:00,,,,,
2024-07-16 14:45:00,,,,,
2024-07-16 15:00:00,,,,,
2024-07-17 09:45:00,,,,,
2024-07-17 10:00:00,,,,,
2024-07-17 10:15:00,,,,,
2024-07-17 10:30:00,,,,,
2024-07-17 10:45:00,,,,,
2024-07-17 11:00:00,,,,,
2024-07-17 11:15:00,,,,,
2024-07-17 11:30:00,,,,,
2024-07-17 13:15:00,,,,,
2024-07-17 13:30:00,,,,,
2024-07-17 13:45:00,,,,,
2024-07-17 14:00:00,,,,,
2024-07-17 14:15:00,,,,,
2024-07-17 14:30:00,,,,,
2024-07-17 14:45:00,,,,,
2024-07-17 15:00:00,,,,,
2024-07-18 09:45:00,,,,,
2024-07-18 10:00:00,,,,,
2024-07-18 10:15:00,,,,,
2024-07-18 10:30:00,,,,,
2024-07-18 10:45:00,,,,,
2024-07-18 11:00:00,,,,,
2024-07-18 11:15:00,,,,,
2024-07-18 11:30:00,,,,,
2024-07-18 13:15:00,,,,,
2024-07-18 13:30:00,,,,,
2024-07-18 13:45:00,,,,,
2024-07-18 14:00:00,,,,,
2024-07-18 14:15:00,,,,,
2024-07-18 14:30:00,,,,,
2024-07-18 14:45:00,,,,,
2024-07-18 15:00:00,,,,,
2024-07-19 09:45:00,,,,,
2024-07-19 10:00:00,,,,,
2024-07-19 10:15:00,,,,,
2024-07-19 10:30:00,,,,,
2024-07-19 10:45:00,,,,,
2024-07-19 11:00:00,,,,,
2024-07-19 11:15:00,,,,,
2024-07-19 11:30:00,,,,,
2024-07-19 13:15:00,,,,,
2024-07-19 13:30:00,,,,,
2024-07-19 13:45:00,,,,,
2024-07-19 14:00:00,,,,,
2024-07-19 14:15:00,,,,,
2024-07-19 14:30:00,,,,,
2024-07-19 14:45:00,,,,,
2024-07-19 15:00:00,,,,,
2024-07-22 09:45:00,,,,,
2024-07-22 10:00:00,,,,,
2024-07-22 10:15:00,,,,,
2024-07-22 10:30:00,,,,,
2024-07-22 10:45:00,,,,,
2024-07-22 11:00:00,,,,,
2024-07-22 11:15:00,,,,,
2024-07-22 11:30:00,,,,,
2024-07-22 13:15:00,,,,,
2024-07-22 13:30:00,,,,,
2024-07-22 13:45:00,,,,,
2024-07-22 14:00:00,,,,,
2024-07-22 14:15:00,,,,,
2024-07-22 14:30:00,,,,,
2024-07-22 14:45:00,,,,,
2024-07-22 15:00:00,,,,,
2024-07-23 09:45:00,,,,,
2024-07-23 10:00:00,,,,,
2024-07-23 10:15:00,,,,,
2024-07-23 10:30:00,,,,,
2024-07-23 10:45:00,,,,,
2024-07-23 11:00:00,,,,,
2024-07-23 11:15:00,,,,,
2024-07-23 11:30:00,,,,,
2024-07-23 13:15:00,,,,,
2024-07-23 13:30:00,,,,,
2024-07-23 13:45:00,,,,,
2024-07-23 14:00:00,,,,,
2024-07-23 14:15:00,,,,,
2024-07-23 14:30:00,,,,,
2024-07-23 14:45:00,,,,,
2024-07-23 15:00:00,,,,,
2024-07-24 09:45:00,,,,,
2024-07-24 10:00:00,,,,,
2024-07-24 10:15:00,,,,,
2024-07-24 10:30:00,,,,,
2024-07-24 10:45:00,,,,,
2024-07-24 11:00:00,,,,,
2024-07-24 11:15:00,,,,,
2024-07-24 11:30:00,,,,,
2024-07-24 13:15:00,,,,,
2024-07-24 13:30:00,,,,,
2024-07-24 13:45:00,,,,,
2024-07-24 14:00:00,,,,,
2024-07-24 14:15:00,,,,,
2024-07-24 14:30:00,,,,,
2024-07-24 14:45:00,,,,,
2024-07-24 15:00:00,,,,,
2024-07-25 09:45:00,,,,,
2024-07-25 10:00:00,,,,,
2024-07-25 10:15:00,,,,,
2024-07-25 10:30:00,,,,,
2024-07-25 10:45:00,,,,,
2024-07-25 11:00:00,,,,,
2024-07-25 11:15:00,,,,,
2024-07-25 11:30:00,,,,,
2024-07-25 13:15:00,,,,,
2024-07-25 13:30:00,,,,,
2024-07-25 13:45:00,,,,,
2024-07-25 14:00:00,,,,,
2024-07-25 14:15:00,,,,,
2024-07-25 14:30:00,,,,,
2024-07-25 14:45:00,,,,,
2024-07-25 15:00:00,,,,,
2024-07-26 09:45:00,,,,,
2024-07-26 10:00:00,,,,,
2024-07-26 10:15:00,,,,,
2024-07-26 10:30:00,,,,,
2024-07-26 10:45:00,,,,,
2024-07-26 11:00:00,,,,,
2024-07-26 11:15:00,,,,,
2024-07-26 11:30:00,,,,,
2024-07-26 13:15:00,,,,,
2024-07-26 13:30:00,,,,,
2024-07-26 13:45:00,,,,,
2024-07-26 14:00:00,,,,,
2024-07-26 14:15:00,,,,,
2024-07-26 14:30:00,,,,,
2024-07-26 14:45:00,,,,,
2024-07-26 15:00:00,,,,,
2024-07-29 09:45:00,,,,,
2024-07-29 10:00:00,,,,,
2024-07-29 10:15:00,,,,,
2024-07-29 10:30:00,,,,,
2024-07-29 10:45:00,,,,,
2024-07-29 11:00:00,,,,,
2024-07-29 11:15:00,,,,,
2024-07-29 11:30:00,,,,,
2024-07-29 13:15:00,,,,,
2024-07-29 13:30:00,,,,,
2024-07-29 13:45:00,,,,,
2024-07-29 14:00:00,,,,,
2024-07-29 14:15:00,,,,,
2024-07-29 14:30:00,,,,,
2024-07-29 14:45:00,,,,,
2024-07-29 15:00:00,,,,,
2024-07-30 09:45:00,,,,,
2024-07-30 10:00:00,,,,,
2024-07-30 10:15:00,,,,,
2024-07-30 10:30:00,,,,,
2024-07-30 10:45:00,,,,,
2024-07-30 11:00:00,,,,,
2024-07-30 11:15:00,,,,,
2024-07-30 11:30:00,,,,,
2024-07-30 13:15:00,,,,,
2024-07-30 13:30:00,,,,,
2024-07-30 13:45:00,,,,,
2024-07-30 14:00:00,,,,,
2024-07-30 14:15:00,,,,,
2024-07-30 14:30:00,,,,,
2024-07-30 14:45:00,,,,,
2024-07-30 15:00:00,,,,,
2024-07-31 09:45:00,,,,,
2024-07-31 10:00:00,,,,,
2024-07-31 10:15:00,,,,,
2024-07-31 10:30:00,,,,,
2024-07-31 10:45:00,,,,,
2024-07-31 11:00:00,,,,,
2024-07-31 11:15:00,,,,,
2024-07-31 11:30:00,,,,,
2024-07-31 13:15:00,,,,,
2024-07-31 13:30:00,,,,,
2024-07-31 13:45:00,,,,,
2024-07-31 14:00:00,,,,,
2024-07-31 14:15:00,,,,,
2024-07-31 14:30:00,,,,,
2024-07-31 14:45:00,,,,,
2024-07-31 15:00:00,,,,,
2024-08-01 09:45:00,,,,,
2024-08-01 10:00:00,,,,,
2024-08-01 10:15:00,,,,,
2024-08-01 10:30:00,,,,,
2024-08-01 10:45:00,,,,,
2024-08-01 11:00:00,,,,,
2024-08-01 11:15:00,,,,,
2024-08-01 11:30:00,,,,,
2024-08-01 13:15:00,,,,,
2024-08-01 13:30:00,,,,,
2024-08-01 13:45:00,,,,,
2024-08-01 14:00:00,,,,,
2024-08-01 14:15:00,,,,,
2024-08-01 14:30:00,,,,,
2024-08-01 14:45:00,,,,,
2024-08-01 15:00:00,,,,,
2024-08-02 09:45:00,,,,,
2024-08-02 10:00:00,,,,,
2024-08-02 10:15:00,,,,,
2024-08-02 10:30:00,,,,,
2024-08-02 10:45:00,,,,,
2024-08-02 11:00:00,,,,,
2024-08-02 11:15:00,,,,,
2024-08-02 11:30:00,,,,,
2024-08-02 13:15:00,,,,,
2024-08-02 13:30:00,,,,,
2024-08-02 13:45:00,,,,,
2024-08-02 14:00:00,,,,,
2024-08-02 14:15:00,,,,,
2024-08-02 14:30:00,,,,,
2024-08-02 14:45:00,,,,,
2024-08-02 15:00:00,,,,,
2024-08-05 09:45:00,,,,,
2024-08-05 10:00:00,,,,,
2024-08-05 10:15:00,,,,,
2024-08-05 10:30:00,,,,,
2024-08-05 10:45:00,,,,,
2024-08-05 11:00:00,,,,,
2024-08-05 11:15:00,,,,,
2024-08-05 11:30:00,,,,,
2024-08-05 13:15:00,,,,,
2024-08-05 13:30:00,,,,,
2024-08-05 13:45:00,,,,,
2024-08-05 14:00:00,,,,,
2024-08-05 14:15:00,,,,,
2024-08-05 14:30:00,,,,,
2024-08-05 14:45:00,,,,,
2024-08-05 15:00:00,,,,,
2024-08-06 09:45:00,,,,,
2024-08-06 10:00:00,,,,,
2024-08-06 10:15:00,,,,,
2024-08-06 10:30:00,,,,,
2024-08-06 10:45:00,,,,,
2024-08-06 11:00:00,,,,,
2024-08-06 11:15:00,,,,,
2024-08-06 11:30:00,,,,,
2024-08-06 13:15:00,,,,,
2024-08-06 13:30:00,,,,,
2024-08-06 13:45:00,,,,,
2024-08-06 14:00:00,,,,,
2024-08-06 14:15:00,,,,,
2024-08-06 14:30:00,,,,,
2024-08-06 14:45:00,,,,,
2024-08-06 15:00:00,,,,,
2024-08-07 09:45:00,,,,,
2024-08-07 10:00:00,,,,,
2024-08-07 10:15:00,,,,,
2024-08-07 10:30:00,,,,,
2024-08-07 10:45:00,,,,,
2024-08-07 11:00:00,,,,,
2024-08-07 11:15:00,,,,,
2024-08-07 11:30:00,,,,,
2024-08-07 13:15:00,,,,,
2024-08-07 13:30:00,,,,,
2024-08-07 13:45:00,,,,,
2024-08-07 14:00:00,,,,,
2024-08-07 14:15:00,,,,,
2024-08-07 14:30:00,,,,,
2024-08-07 14:45:00,,,,,
2024-08-07 15:00:00,,,,,
2024-08-08 09:45:00,,,,,
2024-08-08 10:00:00,,,,,
2024-08-08 10:15:00,,,,,
2024-08-08 10:30:00,,,,,
2024-08-08 10:45:00,,,,,
2024-08-08 11:00:00,,,,,
2024-08-08 11:15:00,,,,,
2024-08-08 11:30:00,,,,,
2024-08-08 13:15:00,,,,,
2024-08-08 13:30:00,,,,,
2024-08-08 13:45:00,,,,,
2024-08-08 14:00:00,,,,,
2024-08-08 14:15:00,,,,,
2024-08-08 14:30:00,,,,,
2024-08-08 14:45:00,,,,,
2024-08-08 15:00:00,,,,,
2024-08-09 09:45:00,,,,,
2024-08-09 10:00:00,,,,,
2024-08-09 10:15:00,,,,,
2024-08-09 10:30:00,,,,,
2024-08-09 10:45:00,,,,,
2024-08-09 11:00:00,,,,,
2024-08-09 11:15:00,,,,,
2024-08-09 11:30:00,,,,,
2024-08-09 13:15:00,,,,,
2024-08-09 13:30:00,,,,,
2024-08-09 13:45:00,,,,,
2024-08-09 14:00:00,,,,,
2024-08-09 14:15:00,,,,,
2024-08-09 14:30:00,,,,,
2024-08-09 14:45:00,,,,,
2024-08-09 15:00:00,,,,,
2024-08-12 09:45:00,,,,,
2024-08-12 10:00:00,,,,,
2024-08-12 10:15:00,,,,,
2024-08-12 10:30:00,,,,,
2024-08-12 10:45:00,,,,,
2024-08-12 11:00:00,,,,,
2024-08-12 11:15:00,,,,,
2024-08-12 11:30:00,,,,,
2024-08-12 13:15:00,,,,,
2024-08-12 13:30:00,,,,,
2024-08-12 13:45:00,,,,,
2024-08-12 14:00:00,,,,,
2024-08-12 14:15:00,,,,,
2024-08-12 14:30:00,,,,,
2024-08-12 14:45:00,,,,,
2024-08-12 15:00:00,,,,,
2024-08-13 09:45:00,,,,,
2024-08-13 10:00:00,,,,,
2024-08-13 10:15:00,,,,,
2024-08-13 10:30:00,,,,,
2024-08-13 10:45:00,,,,,
2024-08-13 11:00:00,,,,,
2024-08-13 11:15:00,,,,,
2024-08-13 11:30:00,,,,,
2024-08-13 13:15:00,,,,,
2024-08-13 13:30:00,,,,,
2024-08-13 13:45:00,,,,,
2024-08-13 14:00:00,,,,,
2024-08-13 14:15:00,,,,,
2024-08-13 14:30:00,,,,,
2024-08-13 14:45:00,,,,,
2024-08-13 15:00:00,,,,,
2024-08-14 09:45:00,,,,,
2024-08-14 10:00:00,,,,,
2024-08-14 10:15:00,,,,,
2024-08-14 10:30:00,,,,,
2024-08-14 10:45:00,,,,,
2024-08-14 11:00:00,,,,,
2024-08-14 11:15:00,,,,,
2024-08-14 11:30:00,,,,,
2024-08-14 13:15:00,,,,,
2024-08-14 13:30:00,,,,,
2024-08-14 13:45:00,,,,,
2024-08-14 14:00:00,,,,,
2024-08-14 14:15:00,,,,,
2024-08-14 14:30:00,,,,,
2024-08-14 14:45:00,,,,,
2024-08-14 15:00:00,,,,,
2024-08-15 09:45:00,,,,,
2024-08-15 10:00:00,,,,,
2024-08-15 10:15:00,,,,,
2024-08-15 10:30:00,,,,,
2024-08-15 10:45:00,,,,,
2024-08-15 11:00:00,,,,,
2024-08-15 11:15:00,,,,,
2024-08-15 11:30:00,,,,,
2024-08-15 13:15:00,,,,,
2024-08-15 13:30:00,,,,,
2024-08-15 13:45:00,,,,,
2024-08-15 14:00:00,,,,,
2024-08-15 14:15:00,,,,,
2024-08-15 14:30:00,,,,,
2024-08-15 14:45:00,,,,,
2024-08-15 15:00:00,,,,,
2024-08-16 09:45:00,,,,,
2024-08-16 10:00:00,,,,,
2024-08-16 10:15:00,,,,,
2024-08-16 10:30:00,,,,,
2024-08-16 10:45:00,,,,,
2024-08-16 11:00:00,,,,,
2024-08-16 11:15:00,,,,,
2024-08-16 11:30:00,,,,,
2024-08-16 13:15:00,,,,,
2024-08-16 13:30:00,,,,,
2024-08-16 13:45:00,,,,,
2024-08-16 14:00:00,,,,,
2024-08-16 14:15:00,,,,,
2024-08-16 14:30:00,,,,,
2024-08-16 14:45:00,,,,,
2024-08-16 15:00:00,,,,,
2024-08-19 09:45:00,,,,,
2024-08-19 10:00:00,,,,,
2024-08-19 10:15:00,,,,,
2024-08-19 10:30:00,,,,,
2024-08-19 10:45:00,,,,,
2024-08-19 11:00:00,,,,,
2024-08-19 11:15:00,,,,,
2024-08-19 11:30:00,,,,,
2024-08-19 13:15:00,,,,,
2024-08-19 13:30:00,,,,,
2024-08-19 13:45:00,,,,,
2024-08-19 14:00:00,,,,,
2024-08-19 14:15:00,,,,,
2024-08-19 14:30:00,,,,,
2024-08-19 14:45:00,,,,,
2024-08-19 15:00:00,,,,,
2024-08-20 09:45:00,,,,,
2024-08-20 10:00:00,,,,,
2024-08-20 10:15:00,,,,,
2024-08-20 10:30:00,,,,,
2024-08-20 10:45:00,,,,,
2024-08-20 11:00:00,,,,,
2024-08-20 11:15:00,,,,,
2024-08-20 11:30:00,,,,,
2024-08-20 13:15:00,,,,,
2024-08-20 13:30:00,,,,,
2024-08-20 13:45:00,,,,,
2024-08-20 14:00:00,,,,,
2024-08-20 14:15:00,,,,,
2024-08-20 14:30:00,,,,,
2024-08-20 14:45:00,,,,,
2024-08-20 15:00:00,,,,,
2024-08-21 09:45:00,,,,,
2024-08-21 10:00:00,,,,,
2024-08-21 10:15:00,,,,,
2024-08-21 10:30:00,,,,,
2024-08-21 10:45:00,,,,,
2024-08-21 11:00:00,,,,,
2024-08-21 11:15:00,,,,,
2024-08-21 11:30:00,,,,,
2024-08-21 13:15:00,,,,,
2024-08-21 13:30:00,,,,,
2024-08-21 13:45:00,,,,,
2024-08-21 14:00:00,,,,,
2024-08-21 14:15:00,,,,,
2024-08-21 14:30:00,,,,,
2024-08-21 14:45:00,,,,,
2024-08-21 15:00:00,,,,,
2024-08-22 09:45:00,,,,,
2024-08-22 10:00:00,,,,,
2024-08-22 10:15:00,,,,,
2024-08-22 10:30:00,,,,,
2024-08-22 10:45:00,,,,,
2024-08-22 11:00:00,,,,,
2024-08-22 11:15:00,,,,,
2024-08-22 11:30:00,,,,,
2024-08-22 13:15:00,,,,,
2024-08-22 13:30:00,,,,,
2024-08-22 13:45:00,,,,,
2024-08-22 14:00:00,,,,,
2024-08-22 14:15:00,,,,,
2024-08-22 14:30:00,,,,,
2024-08-22 14:45:00,,,,,
2024-08-22 15:00:00,,,,,
2024-08-23 09:45:00,,,,,
2024-08-23 10:00:00,,,,,
2024-08-23 10:15:00,,,,,
2024-08-23 10:30:00,,,,,
2024-08-23 10:45:00,,,,,
2024-08-23 11:00:00,,,,,
2024-08-23 11:15:00,,,,,
2024-08-23 11:30:00,,,,,
2024-08-23 13:15:00,,,,,
2024-08-23 13:30:00,,,,,
2024-08-23 13:45:00,,,,,
2024-08-23 14:00:00,,,,,
2024-08-23 14:15:00,,,,,
2024-08-23 14:30:00,,,,,
2024-08-23 14:45:00,,,,,
2024-08-23 15:00:00,,,,,
2024-08-26 09:45:00,,,,,
2024-08-26 10:00:00,,,,,
2024-08-26 10:15:00,,,,,
2024-08-26 10:30:00,,,,,
2024-08-26 10:45:00,,,,,
2024-08-26 11:00:00,,,,,
2024-08-26 11:15:00,,,,,
2024-08-26 11:30:00,,,,,
2024-08-26 13:15:00,,,,,
2024-08-26 13:30:00,,,,,
2024-08-26 13:45:00,,,,,
2024-08-26 14:00:00,,,,,
2024-08-26 14:15:00,,,,,
2024-08-26 14:30:00,,,,,
2024-08-26 14:45:00,,,,,
2024-08-26 15:00:00,,,,,
2024-08-27 09:45:00,,,,,
2024-08-27 10:00:00,,,,,
2024-08-27 10:15:00,,,,,
2024-08-27 10:30:00,,,,,
2024-08-27 10:45:00,,,,,
2024-08-27 11:00:00,,,,,
2024-08-27 11:15:00,,,,,
2024-08-27 11:30:00,,,,,
2024-08-27 13:15:00,,,,,
2024-08-27 13:30:00,,,,,
2024-08-27 13:45:00,,,,,
2024-08-27 14:00:00,,,,,
2024-08-27 14:15:00,,,,,
2024-08-27 14:30:00,,,,,
2024-08-27 14:45:00,,,,,
2024-08-27 15:00:00,,,,,
2024-08-28 09:45:00,,,,,
2024-08-28 10:00:00,,,,,
2024-08-28 10:15:00,,,,,
2024-08-28 10:30:00,,,,,
2024-08-28 10:45:00,,,,,
2024-08-28 11:00:00,,,,,
2024-08-28 11:15:00,,,,,
2024-08-28 11:30:00,,,,,
2024-08-28 13:15:00,,,,,
2024-08-28 13:30:00,,,,,
2024-08-28 13:45:00,,,,,
2024-08-28 14:00:00,,,,,
2024-08-28 14:15:00,,,,,
2024-08-28 14:30:00,,,,,
2024-08-28 14:45:00,,,,,
2024-08-28 15:00:00,,,,,
2024-08-29 09:45:00,,,,,
2024-08-29 10:00:00,,,,,
2024-08-29 10:15:00,,,,,
2024-08-29 10:30:00,,,,,
2024-08-29 10:45:00,,,,,
2024-08-29 11:00:00,,,,,
2024-08-29 11:15:00,,,,,
2024-08-29 11:30:00,,,,,
2024-08-29 13:15:00,,,,,
2024-08-29 13:30:00,,,,,
2024-08-29 13:45:00,,,,,
2024-08-29 14:00:00,,,,,
2024-08-29 14:15:00,,,,,
2024-08-29 14:30:00,,,,,
2024-08-29 14:45:00,,,,,
2024-08-29 15:00:00,,,,,
2024-08-30 09:45:00,,,,,
2024-08-30 10:00:00,,,,,
2024-08-30 10:15:00,,,,,
2024-08-30 10:30:00,,,,,
2024-08-30 10:45:00,,,,,
2024-08-30 11:00:00,,,,,
2024-08-30 11:15:00,,,,,
2024-08-30 11:30:00,,,,,
2024-08-30 13:15:00,,,,,
2024-08-30 13:30:00,,,,,
2024-08-30 13:45:00,,,,,
2024-08-30 14:00:00,,,,,
2024-08-30 14:15:00,,,,,
2024-08-30 14:30:00,,,,,
2024-08-30 14:45:00,,,,,
2024-08-30 15:00:00,,,,,
2024-09-02 09:45:00,,,,,
2024-09-02 10:00:00,,,,,
2024-09-02 10:15:00,,,,,
2024-09-02 10:30:00,,,,,
2024-09-02 10:45:00,,,,,
2024-09-02 11:00:00,,,,,
2024-09-02 11:15:00,,,,,
2024-09-02 11:30:00,,,,,
2024-09-02 13:15:00,,,,,
2024-09-02 13:30:00,,,,,
2024-09-02 13:45:00,,,,,
2024-09-02 14:00:00,,,,,
2024-09-02 14:15:00,,,,,
2024-09-02 14:30:00,,,,,
2024-09-02 14:45:00,,,,,
2024-09-02 15:00:00,,,,,
2024-09-03 09:45:00,,,,,
2024-09-03 10:00:00,,,,,
2024-09-03 10:15:00,,,,,
2024-09-03 10:30:00,,,,,
2024-09-03 10:45:00,,,,,
2024-09-03 11:00:00,,,,,
2024-09-03 11:15:00,,,,,
2024-09-03 11:30:00,,,,,
2024-09-03 13:15:00,,,,,
2024-09-03 13:30:00,,,,,
2024-09-03 13:45:00,,,,,
2024-09-03 14:00:00,,,,,
2024-09-03 14:15:00,,,,,
2024-09-03 14:30:00,,,,,
2024-09-03 14:45:00,,,,,
2024-09-03 15:00:00,,,,,
2024-09-04 09:45:00,,,,,
2024-09-04 10:00:00,,,,,
2024-09-04 10:15:00,,,,,
2024-09-04 10:30:00,,,,,
2024-09-04 10:45:00,,,,,
2024-09-04 11:00:00,,,,,
2024-09-04 11:15:00,,,,,
2024-09-04 11:30:00,,,,,
2024-09-04 13:15:00,,,,,
2024-09-04 13:30:00,,,,,
2024-09-04 13:45:00,,,,,
2024-09-04 14:00:00,,,,,
2024-09-04 14:15:00,,,,,
2024-09-04 14:30:00,,,,,
2024-09-04 14:45:00,,,,,
2024-09-04 15:00:00,,,,,
2024-09-05 09:45:00,,,,,
2024-09-05 10:00:00,,,,,
2024-09-05 10:15:00,,,,,
2024-09-05 10:30:00,,,,,
2024-09-05 10:45:00,,,,,
2024-09-05 11:00:00,,,,,
2024-09-05 11:15:00,,,,,
2024-09-05 11:30:00,,,,,
2024-09-05 13:15:00,,,,,
2024-09-05 13:30:00,,,,,
2024-09-05 13:45:00,,,,,
2024-09-05 14:00:00,,,,,
2024-09-05 14:15:00,,,,,
2024-09-05 14:30:00,,,,,
2024-09-05 14:45:00,,,,,
2024-09-05 15:00:00,,,,,
2024-09-06 09:45:00,,,,,
2024-09-06 10:00:00,,,,,
2024-09-06 10:15:00,,,,,
2024-09-06 10:30:00,,,,,
2024-09-06 10:45:00,,,,,
2024-09-06 11:00:00,,,,,
2024-09-06 11:15:00,,,,,
2024-09-06 11:30:00,,,,,
2024-09-06 13:15:00,,,,,
2024-09-06 13:30:00,,,,,
2024-09-06 13:45:00,,,,,
2024-09-06 14:00:00,,,,,
2024-09-06 14:15:00,,,,,
2024-09-06 14:30:00,,,,,
2024-09-06 14:45:00,,,,,
2024-09-06 15:00:00,,,,,
2024-09-09 09:45:00,,,,,
2024-09-09 10:00:00,,,,,
2024-09-09 10:15:00,,,,,
2024-09-09 10:30:00,,,,,
2024-09-09 10:45:00,,,,,
2024-09-09 11:00:00,,,,,
2024-09-09 11:15:00,,,,,
2024-09-09 11:30:00,,,,,
2024-09-09 13:15:00,,,,,
2024-09-09 13:30:00,,,,,
2024-09-09 13:45:00,,,,,
2024-09-09 14:00:00,,,,,
2024-09-09 14:15:00,,,,,
2024-09-09 14:30:00,,,,,
2024-09-09 14:45:00,,,,,
2024-09-09 15:00:00,,,,,
2024-09-10 09:45:00,,,,,
2024-09-10 10:00:00,,,,,
2024-09-10 10:15:00,,,,,
2024-09-10 10:30:00,,,,,
2024-09-10 10:45:00,,,,,
2024-09-10 11:00:00,,,,,
2024-09-10 11:15:00,,,,,
2024-09-10 11:30:00,,,,,
2024-09-10 13:15:00,,,,,
2024-09-10 13:30:00,,,,,
2024-09-10 13:45:00,,,,,
2024-09-10 14:00:00,,,,,
2024-09-10 14:15:00,,,,,
2024-09-10 14:30:00,,,,,
2024-09-10 14:45:00,,,,,
2024-09-10 15:00:00,,,,,
2024-09-11 09:45:00,,,,,
2024-09-11 10:00:00,,,,,
2024-09-11 10:15:00,,,,,
2024-09-11 10:30:00,,,,,
2024-09-11 10:45:00,,,,,
2024-09-11 11:00:00,,,,,
2024-09-11 11:15:00,,,,,
2024-09-11 11:30:00,,,,,
2024-09-11 13:15:00,,,,,
2024-09-11 13:30:00,,,,,
2024-09-11 13:45:00,,,,,
2024-09-11 14:00:00,,,,,
2024-09-11 14:15:00,,,,,
2024-09-11 14:30:00,,,,,
2024-09-11 14:45:00,,,,,
2024-09-11 15:00:00,,,,,
2024-09-12 09:45:00,,,,,
2024-09-12 10:00:00,,,,,
2024-09-12 10:15:00,,,,,
2024-09-12 10:30:00,,,,,
2024-09-12 10:45:00,,,,,
2024-09-12 11:00:00,,,,,
2024-09-12 11:15:00,,,,,
2024-09-12 11:30:00,,,,,
2024-09-12 13:15:00,,,,,
2024-09-12 13:30:00,,,,,
2024-09-12 13:45:00,,,,,
2024-09-12 14:00:00,,,,,
2024-09-12 14:15:00,,,,,
2024-09-12 14:30:00,,,,,
2024-09-12 14:45:00,,,,,
2024-09-12 15:00:00,,,,,
2024-09-13 09:45:00,,,,,
2024-09-13 10:00:00,,,,,
2024-09-13 10:15:00,,,,,
2024-09-13 10:30:00,,,,,
2024-09-13 10:45:00,,,,,
2024-09-13 11:00:00,,,,,
2024-09-13 11:15:00,,,,,
2024-09-13 11:30:00,,,,,
2024-09-13 13:15:00,,,,,
2024-09-13 13:30:00,,,,,
2024-09-13 13:45:00,,,,,
2024-09-13 14:00:00,,,,,
2024-09-13 14:15:00,,,,,
2024-09-13 14:30:00,,,,,
2024-09-13 14:45:00,,,,,
2024-09-13 15:00:00,,,,,
2024-09-18 09:45:00,,,,,
2024-09-18 10:00:00,,,,,
2024-09-18 10:15:00,,,,,
2024-09-18 10:30:00,,,,,
2024-09-18 10:45:00,,,,,
2024-09-18 11:00:00,,,,,
2024-09-18 11:15:00,,,,,
2024-09-18 11:30:00,,,,,
2024-09-18 13:15:00,,,,,
2024-09-18 13:30:00,,,,,
2024-09-18 13:45:00,,,,,
2024-09-18 14:00:00,,,,,
2024-09-18 14:15:00,,,,,
2024-09-18 14:30:00,,,,,
2024-09-18 14:45:00,,,,,
2024-09-18 15:00:00,,,,,
2024-09-19 09:45:00,,,,,
2024-09-19 10:00:00,,,,,
2024-09-19 10:15:00,,,,,
2024-09-19 10:30:00,,,,,
2024-09-19 10:45:00,,,,,
2024-09-19 11:00:00,,,,,
2024-09-19 11:15:00,,,,,
2024-09-19 11:30:00,,,,,
2024-09-19 13:15:00,,,,,
2024-09-19 13:30:00,,,,,
2024-09-19 13:45:00,,,,,
2024-09-19 14:00:00,,,,,
2024-09-19 14:15:00,,,,,
2024-09-19 14:30:00,,,,,
2024-09-19 14:45:00,,,,,
2024-09-19 15:00:00,,,,,
2024-09-20 09:45:00,,,,,
2024-09-20 10:00:00,,,,,
2024-09-20 10:15:00,,,,,
2024-09-20 10:30:00,,,,,
2024-09-20 10:45:00,,,,,
2024-09-20 11:00:00,,,,,
2024-09-20 11:15:00,,,,,
2024-09-20 11:30:00,,,,,
2024-09-20 13:15:00,,,,,
2024-09-20 13:30:00,,,,,
2024-09-20 13:45:00,,,,,
2024-09-20 14:00:00,,,,,
2024-09-20 14:15:00,,,,,
2024-09-20 14:30:00,,,,,
2024-09-20 14:45:00,,,,,
2024-09-20 15:00:00,,,,,
2024-09-23 09:45:00,,,,,
2024-09-23 10:00:00,,,,,
2024-09-23 10:15:00,,,,,
2024-09-23 10:30:00,,,,,
2024-09-23 10:45:00,,,,,
2024-09-23 11:00:00,,,,,
2024-09-23 11:15:00,,,,,
2024-09-23 11:30:00,,,,,
2024-09-23 13:15:00,,,,,
2024-09-23 13:30:00,,,,,
2024-09-23 13:45:00,,,,,
2024-09-23 14:00:00,,,,,
2024-09-23 14:15:00,,,,,
2024-09-23 14:30:00,,,,,
2024-09-23 14:45:00,,,,,
2024-09-23 15:00:00,,,,,
2024-09-24 09:45:00,,,,,
2024-09-24 10:00:00,,,,,
2024-09-24 10:15:00,,,,,
2024-09-24 10:30:00,,,,,
2024-09-24 10:45:00,,,,,
2024-09-24 11:00:00,,,,,
2024-09-24 11:15:00,,,,,
2024-09-24 11:30:00,,,,,
2024-09-24 13:15:00,,,,,
2024-09-24 13:30:00,,,,,
2024-09-24 13:45:00,,,,,
2024-09-24 14:00:00,,,,,
2024-09-24 14:15:00,,,,,
2024-09-24 14:30:00,,,,,
2024-09-24 14:45:00,,,,,
2024-09-24 15:00:00,,,,,
2024-09-25 09:45:00,,,,,
2024-09-25 10:00:00,,,,,
2024-09-25 10:15:00,,,,,
2024-09-25 10:30:00,,,,,
2024-09-25 10:45:00,,,,,
2024-09-25 11:00:00,,,,,
2024-09-25 11:15:00,,,,,
2024-09-25 11:30:00,,,,,
2024-09-25 13:15:00,,,,,
2024-09-25 13:30:00,,,,,
2024-09-25 13:45:00,,,,,
2024-09-25 14:00:00,,,,,
2024-09-25 14:15:00,,,,,
2024-09-25 14:30:00,,,,,
2024-09-25 14:45:00,,,,,
2024-09-25 15:00:00,,,,,
2024-09-26 09:45:00,,,,,
2024-09-26 10:00:00,,,,,
2024-09-26 10:15:00,,,,,
2024-09-26 10:30:00,,,,,
2024-09-26 10:45:00,,,,,
2024-09-26 11:00:00,,,,,
2024-09-26 11:15:00,,,,,
2024-09-26 11:30:00,,,,,
2024-09-26 13:15:00,,,,,
2024-09-26 13:30:00,,,,,
2024-09-26 13:45:00,,,,,
2024-09-26 14:00:00,,,,,
2024-09-26 14:15:00,,,,,
2024-09-26 14:30:00,,,,,
2024-09-26 14:45:00,,,,,
2024-09-26 15:00:00,,,,,
2024-09-27 09:45:00,,,,,
2024-09-27 10:00:00,,,,,
2024-09-27 10:15:00,,,,,
2024-09-27 10:30:00,,,,,
2024-09-27 10:45:00,,,,,
2024-09-27 11:00:00,,,,,
2024-09-27 11:15:00,,,,,
2024-09-27 11:30:00,,,,,
2024-09-27 13:15:00,,,,,
2024-09-27 13:30:00,,,,,
2024-09-27 13:45:00,,,,,
2024-09-27 14:00:00,,,,,
2024-09-27 14:15:00,,,,,
2024-09-27 14:30:00,,,,,
2024-09-27 14:45:00,,,,,
2024-09-27 15:00:00,,,,,
2024-09-30 09:45:00,,,,,
2024-09-30 10:00:00,,,,,
2024-09-30 10:15:00,,,,,
2024-09-30 10:30:00,,,,,
2024-09-30 10:45:00,,,,,
2024-09-30 11:00:00,,,,,
2024-09-30 11:15:00,,,,,
2024-09-30 11:30:00,,,,,
2024-09-30 13:15:00,,,,,
2024-09-30 13:30:00,,,,,
2024-09-30 13:45:00,,,,,
2024-09-30 14:00:00,,,,,
2024-09-30 14:15:00,,,,,
2024-09-30 14:30:00,,,,,
2024-09-30 14:45:00,,,,,
2024-09-30 15:00:00,,,,,
2024-10-08 09:45:00,,,,,
2024-10-08 10:00:00,,,,,
2024-10-08 10:15:00,,,,,
2024-10-08 10:30:00,,,,,
2024-10-08 10:45:00,,,,,
2024-10-08 11:00:00,,,,,
2024-10-08 11:15:00,,,,,
2024-10-08 11:30:00,,,,,
2024-10-08 13:15:00,,,,,
2024-10-08 13:30:00,,,,,
2024-10-08 13:45:00,,,,,
2024-10-08 14:00:00,,,,,
2024-10-08 14:15:00,,,,,
2024-10-08 14:30:00,,,,,
2024-10-08 14:45:00,,,,,
2024-10-08 15:00:00,,,,,
2024-10-09 09:45:00,,,,,
2024-10-09 10:00:00,,,,,
2024-10-09 10:15:00,,,,,
2024-10-09 10:30:00,,,,,
2024-10-09 10:45:00,,,,,
2024-10-09 11:00:00,,,,,
2024-10-09 11:15:00,,,,,
2024-10-09 11:30:00,,,,,
2024-10-09 13:15:00,,,,,
2024-10-09 13:30:00,,,,,
2024-10-09 13:45:00,,,,,
2024-10-09 14:00:00,,,,,
2024-10-09 14:15:00,,,,,
2024-10-09 14:30:00,,,,,
2024-10-09 14:45:00,,,,,
2024-10-09 15:00:00,,,,,
2024-10-10 09:45:00,,,,,
2024-10-10 10:00:00,,,,,
2024-10-10 10:15:00,,,,,
2024-10-10 10:30:00,,,,,
2024-10-10 10:45:00,,,,,
2024-10-10 11:00:00,,,,,
2024-10-10 11:15:00,,,,,
2024-10-10 11:30:00,,,,,
2024-10-10 13:15:00,,,,,
2024-10-10 13:30:00,,,,,
2024-10-10 13:45:00,,,,,
2024-10-10 14:00:00,,,,,
2024-10-10 14:15:00,,,,,
2024-10-10 14:30:00,,,,,
2024-10-10 14:45:00,,,,,
2024-10-10 15:00:00,,,,,
2024-10-11 09:45:00,,,,,
2024-10-11 10:00:00,,,,,
2024-10-11 10:15:00,,,,,
2024-10-11 10:30:00,,,,,
2024-10-11 10:45:00,,,,,
2024-10-11 11:00:00,,,,,
2024-10-11 11:15:00,,,,,
2024-10-11 11:30:00,,,,,
2024-10-11 13:15:00,,,,,
2024-10-11 13:30:00,,,,,
2024-10-11 13:45:00,3243.75,3241.46,3244.07,3240.83,2190204.0
2024-10-11 14:00:00,3228.06,3226.33,3228.15,3226.27,2041720.0
2024-10-11 14:15:00,3209.97,3208.16,3209.97,3208.11,2218567.0
2024-10-11 14:30:00,3212.43,3212.44,3213.93,3211.58,1421018.0
2024-10-11 14:45:00,3188.41,3194.29,3194.29,3188.27,3198868.0
2024-10-11 15:00:00,3216.81,3217.74,3217.76,3216.81,5032452.0
2024-10-14 09:45:00,3251.63,3256.96,3256.96,3251.49,4343877.0
2024-10-14 10:00:00,3228.94,3227.57,3229.16,3226.07,3595098.0
2024-10-14 10:15:00,3218.38,3226.2,3226.2,3217.71,2788855.0
2024-10-14 10:30:00,3208.02,3209.77,3209.9,3207.82,1656107.0
2024-10-14 10:45:00,3225.44,3226.62,3227.42,3225.44,1117144.0
2024-10-14 11:00:00,3230.87,3230.93,3231.04,3229.65,1070052.0
2024-10-14 11:15:00,3254.22,3253.16,3254.98,3251.98,1608499.0
2024-10-14 11:30:00,3269.63,3271.06,3271.86,3269.2,3057750.0
2024-10-14 13:15:00,3276.18,3275.62,3276.18,3274.24,1981707.0
2024-10-14 13:30:00,3290.4,3292.08,3292.81,3290.4,1991897.0
2024-10-14 13:45:00,3272.98,3273.71,3274.07,3272.98,1426668.0
2024-10-14 14:00:00,3272.26,3276.04,3276.49,3272.26,1409223.0
2024-10-14 14:15:00,3258.67,3261.3,3261.71,3258.47,1431689.0
2024-10-14 14:30:00,3270.76,3270.5,3270.96,3269.75,1191746.0
2024-10-14 14:45:00,3276.31,3277.7,3277.7,3275.91,2187876.0
2024-10-14 15:00:00,3284.3,3284.32,3284.32,3284.25,6280607.0
