,open,high,low,close,volume
2024-07-09 13:15:00,2919.573,2963.782,2904.039,2959.372,31506203100.0
2024-07-09 13:30:00,2919.573,2963.782,2904.039,2959.372,31506203100.0
2024-07-09 13:45:00,2919.573,2963.782,2904.039,2959.372,31506203100.0
2024-07-09 14:00:00,2919.573,2963.782,2904.039,2959.372,31506203100.0
2024-07-09 14:15:00,2919.573,2963.782,2904.039,2959.372,31506203100.0
2024-07-09 14:30:00,2919.573,2963.782,2904.039,2959.372,31506203100.0
2024-07-09 14:45:00,2919.573,2963.782,2904.039,2959.372,31506203100.0
2024-07-09 15:00:00,2919.573,2963.782,2904.039,2959.372,31506203100.0
2024-07-10 09:45:00,2949.026,2958.859,2935.33,2939.364,30154945600.0
2024-07-10 10:00:00,2949.026,2958.859,2935.33,2939.364,30154945600.0
2024-07-10 10:15:00,2949.026,2958.859,2935.33,2939.364,30154945600.0
2024-07-10 10:30:00,2949.026,2958.859,2935.33,2939.364,30154945600.0
2024-07-10 10:45:00,2949.026,2958.859,2935.33,2939.364,30154945600.0
2024-07-10 11:00:00,2949.026,2958.859,2935.33,2939.364,30154945600.0
2024-07-10 11:15:00,2949.026,2958.859,2935.33,2939.364,30154945600.0
2024-07-10 11:30:00,2949.026,2958.859,2935.33,2939.364,30154945600.0
2024-07-10 13:15:00,2949.026,2958.859,2935.33,2939.364,30154945600.0
2024-07-10 13:30:00,2949.026,2958.859,2935.33,2939.364,30154945600.0
2024-07-10 13:45:00,2949.026,2958.859,2935.33,2939.364,30154945600.0
2024-07-10 14:00:00,2949.026,2958.859,2935.33,2939.364,30154945600.0
2024-07-10 14:15:00,2949.026,2958.859,2935.33,2939.364,30154945600.0
2024-07-10 14:30:00,2949.026,2958.859,2935.33,2939.364,30154945600.0
2024-07-10 14:45:00,2949.026,2958.859,2935.33,2939.364,30154945600.0
2024-07-10 15:00:00,2949.026,2958.859,2935.33,2939.364,30154945600.0
2024-07-11 09:45:00,2957.25,2971.361,2947.403,2970.387,32837242400.0
2024-07-11 10:00:00,2957.25,2971.361,2947.403,2970.387,32837242400.0
2024-07-11 10:15:00,2957.25,2971.361,2947.403,2970.387,32837242400.0
2024-07-11 10:30:00,2957.25,2971.361,2947.403,2970.387,32837242400.0
2024-07-11 10:45:00,2957.25,2971.361,2947.403,2970.387,32837242400.0
2024-07-11 11:00:00,2957.25,2971.361,2947.403,2970.387,32837242400.0
2024-07-11 11:15:00,2957.25,2971.361,2947.403,2970.387,32837242400.0
2024-07-11 11:30:00,2957.25,2971.361,2947.403,2970.387,32837242400.0
2024-07-11 13:15:00,2957.25,2971.361,2947.403,2970.387,32837242400.0
2024-07-11 13:30:00,2957.25,2971.361,2947.403,2970.387,32837242400.0
2024-07-11 13:45:00,2957.25,2971.361,2947.403,2970.387,32837242400.0
2024-07-11 14:00:00,2957.25,2971.361,2947.403,2970.387,32837242400.0
2024-07-11 14:15:00,2957.25,2971.361,2947.403,2970.387,32837242400.0
2024-07-11 14:30:00,2957.25,2971.361,2947.403,2970.387,32837242400.0
2024-07-11 14:45:00,2957.25,2971.361,2947.403,2970.387,32837242400.0
2024-07-11 15:00:00,2957.25,2971.361,2947.403,2970.387,32837242400.0
2024-07-12 09:45:00,2965.612,2977.142,2963.303,2971.295,30371301400.0
2024-07-12 10:00:00,2965.612,2977.142,2963.303,2971.295,30371301400.0
2024-07-12 10:15:00,2965.612,2977.142,2963.303,2971.295,30371301400.0
2024-07-12 10:30:00,2965.612,2977.142,2963.303,2971.295,30371301400.0
2024-07-12 10:45:00,2965.612,2977.142,2963.303,2971.295,30371301400.0
2024-07-12 11:00:00,2965.612,2977.142,2963.303,2971.295,30371301400.0
2024-07-12 11:15:00,2965.612,2977.142,2963.303,2971.295,30371301400.0
2024-07-12 11:30:00,2965.612,2977.142,2963.303,2971.295,30371301400.0
2024-07-12 13:15:00,2965.612,2977.142,2963.303,2971.295,30371301400.0
2024-07-12 13:30:00,2965.612,2977.142,2963.303,2971.295,30371301400.0
2024-07-12 13:45:00,2965.612,2977.142,2963.303,2971.295,30371301400.0
2024-07-12 14:00:00,2965.612,2977.142,2963.303,2971.295,30371301400.0
2024-07-12 14:15:00,2965.612,2977.142,2963.303,2971.295,30371301400.0
2024-07-12 14:30:00,2965.612,2977.142,2963.303,2971.295,30371301400.0
2024-07-12 14:45:00,2965.612,2977.142,2963.303,2971.295,30371301400.0
2024-07-12 15:00:00,2965.612,2977.142,2963.303,2971.295,30371301400.0
2024-07-15 09:45:00,2963.847,2977.313,2959.129,2974.011,26899259700.0
2024-07-15 10:00:00,2963.847,2977.313,2959.129,2974.011,26899259700.0
2024-07-15 10:15:00,2963.847,2977.313,2959.129,2974.011,26899259700.0
2024-07-15 10:30:00,2963.847,2977.313,2959.129,2974.011,26899259700.0
2024-07-15 10:45:00,2963.847,2977.313,2959.129,2974.011,26899259700.0
2024-07-15 11:00:00,2963.847,2977.313,2959.129,2974.011,26899259700.0
2024-07-15 11:15:00,2963.847,2977.313,2959.129,2974.011,26899259700.0
2024-07-15 11:30:00,2963.847,2977.313,2959.129,2974.011,26899259700.0
2024-07-15 13:15:00,2963.847,2977.313,2959.129,2974.011,26899259700.0
2024-07-15 13:30:00,2963.847,2977.313,2959.129,2974.011,26899259700.0
2024-07-15 13:45:00,2963.847,2977.313,2959.129,2974.011,26899259700.0
2024-07-15 14:00:00,2963.847,2977.313,2959.129,2974.011,26899259700.0
2024-07-15 14:15:00,2963.847,2977.313,2959.129,2974.011,26899259700.0
2024-07-15 14:30:00,2963.847,2977.313,2959.129,2974.011,26899259700.0
2024-07-15 14:45:00,2963.847,2977.313,2959.129,2974.011,26899259700.0
2024-07-15 15:00:00,2963.847,2977.313,2959.129,2974.011,26899259700.0
2024-07-16 09:45:00,2963.9,2977.361,2959.666,2976.304,26078363000.0
2024-07-16 10:00:00,2963.9,2977.361,2959.666,2976.304,26078363000.0
2024-07-16 10:15:00,2963.9,2977.361,2959.666,2976.304,26078363000.0
2024-07-16 10:30:00,2963.9,2977.361,2959.666,2976.304,26078363000.0
2024-07-16 10:45:00,2963.9,2977.361,2959.666,2976.304,26078363000.0
2024-07-16 11:00:00,2963.9,2977.361,2959.666,2976.304,26078363000.0
2024-07-16 11:15:00,2963.9,2977.361,2959.666,2976.304,26078363000.0
2024-07-16 11:30:00,2963.9,2977.361,2959.666,2976.304,26078363000.0
2024-07-16 13:15:00,2963.9,2977.361,2959.666,2976.304,26078363000.0
2024-07-16 13:30:00,2963.9,2977.361,2959.666,2976.304,26078363000.0
2024-07-16 13:45:00,2963.9,2977.361,2959.666,2976.304,26078363000.0
2024-07-16 14:00:00,2963.9,2977.361,2959.666,2976.304,26078363000.0
2024-07-16 14:15:00,2963.9,2977.361,2959.666,2976.304,26078363000.0
2024-07-16 14:30:00,2963.9,2977.361,2959.666,2976.304,26078363000.0
2024-07-16 14:45:00,2963.9,2977.361,2959.666,2976.304,26078363000.0
2024-07-16 15:00:00,2963.9,2977.361,2959.666,2976.304,26078363000.0
2024-07-17 09:45:00,2970.808,2972.795,2957.948,2962.855,28230799100.0
2024-07-17 10:00:00,2970.808,2972.795,2957.948,2962.855,28230799100.0
2024-07-17 10:15:00,2970.808,2972.795,2957.948,2962.855,28230799100.0
2024-07-17 10:30:00,2970.808,2972.795,2957.948,2962.855,28230799100.0
2024-07-17 10:45:00,2970.808,2972.795,2957.948,2962.855,28230799100.0
2024-07-17 11:00:00,2970.808,2972.795,2957.948,2962.855,28230799100.0
2024-07-17 11:15:00,2970.808,2972.795,2957.948,2962.855,28230799100.0
2024-07-17 11:30:00,2970.808,2972.795,2957.948,2962.855,28230799100.0
2024-07-17 13:15:00,2970.808,2972.795,2957.948,2962.855,28230799100.0
2024-07-17 13:30:00,2970.808,2972.795,2957.948,2962.855,28230799100.0
2024-07-17 13:45:00,2970.808,2972.795,2957.948,2962.855,28230799100.0
2024-07-17 14:00:00,2970.808,2972.795,2957.948,2962.855,28230799100.0
2024-07-17 14:15:00,2970.808,2972.795,2957.948,2962.855,28230799100.0
2024-07-17 14:30:00,2970.808,2972.795,2957.948,2962.855,28230799100.0
2024-07-17 14:45:00,2970.808,2972.795,2957.948,2962.855,28230799100.0
2024-07-17 15:00:00,2970.808,2972.795,2957.948,2962.855,28230799100.0
2024-07-18 09:45:00,2951.143,2978.092,2937.905,2977.133,27802266500.0
2024-07-18 10:00:00,2951.143,2978.092,2937.905,2977.133,27802266500.0
2024-07-18 10:15:00,2951.143,2978.092,2937.905,2977.133,27802266500.0
2024-07-18 10:30:00,2951.143,2978.092,2937.905,2977.133,27802266500.0
2024-07-18 10:45:00,2951.143,2978.092,2937.905,2977.133,27802266500.0
2024-07-18 11:00:00,2951.143,2978.092,2937.905,2977.133,27802266500.0
2024-07-18 11:15:00,2951.143,2978.092,2937.905,2977.133,27802266500.0
2024-07-18 11:30:00,2951.143,2978.092,2937.905,2977.133,27802266500.0
2024-07-18 13:15:00,2951.143,2978.092,2937.905,2977.133,27802266500.0
2024-07-18 13:30:00,2951.143,2978.092,2937.905,2977.133,27802266500.0
2024-07-18 13:45:00,2951.143,2978.092,2937.905,2977.133,27802266500.0
2024-07-18 14:00:00,2951.143,2978.092,2937.905,2977.133,27802266500.0
2024-07-18 14:15:00,2951.143,2978.092,2937.905,2977.133,27802266500.0
2024-07-18 14:30:00,2951.143,2978.092,2937.905,2977.133,27802266500.0
2024-07-18 14:45:00,2951.143,2978.092,2937.905,2977.133,27802266500.0
2024-07-18 15:00:00,2951.143,2978.092,2937.905,2977.133,27802266500.0
2024-07-19 09:45:00,2963.514,2986.243,2955.12,2982.309,28093241300.0
2024-07-19 10:00:00,2963.514,2986.243,2955.12,2982.309,28093241300.0
2024-07-19 10:15:00,2963.514,2986.243,2955.12,2982.309,28093241300.0
2024-07-19 10:30:00,2963.514,2986.243,2955.12,2982.309,28093241300.0
2024-07-19 10:45:00,2963.514,2986.243,2955.12,2982.309,28093241300.0
2024-07-19 11:00:00,2963.514,2986.243,2955.12,2982.309,28093241300.0
2024-07-19 11:15:00,2963.514,2986.243,2955.12,2982.309,28093241300.0
2024-07-19 11:30:00,2963.514,2986.243,2955.12,2982.309,28093241300.0
2024-07-19 13:15:00,2963.514,2986.243,2955.12,2982.309,28093241300.0
2024-07-19 13:30:00,2963.514,2986.243,2955.12,2982.309,28093241300.0
2024-07-19 13:45:00,2963.514,2986.243,2955.12,2982.309,28093241300.0
2024-07-19 14:00:00,2963.514,2986.243,2955.12,2982.309,28093241300.0
2024-07-19 14:15:00,2963.514,2986.243,2955.12,2982.309,28093241300.0
2024-07-19 14:30:00,2963.514,2986.243,2955.12,2982.309,28093241300.0
2024-07-19 14:45:00,2963.514,2986.243,2955.12,2982.309,28093241300.0
2024-07-19 15:00:00,2963.514,2986.243,2955.12,2982.309,28093241300.0
2024-07-22 09:45:00,2978.193,2978.601,2946.561,2964.216,27874955900.0
2024-07-22 10:00:00,2978.193,2978.601,2946.561,2964.216,27874955900.0
2024-07-22 10:15:00,2978.193,2978.601,2946.561,2964.216,27874955900.0
2024-07-22 10:30:00,2978.193,2978.601,2946.561,2964.216,27874955900.0
2024-07-22 10:45:00,2978.193,2978.601,2946.561,2964.216,27874955900.0
2024-07-22 11:00:00,2978.193,2978.601,2946.561,2964.216,27874955900.0
2024-07-22 11:15:00,2978.193,2978.601,2946.561,2964.216,27874955900.0
2024-07-22 11:30:00,2978.193,2978.601,2946.561,2964.216,27874955900.0
2024-07-22 13:15:00,2978.193,2978.601,2946.561,2964.216,27874955900.0
2024-07-22 13:30:00,2978.193,2978.601,2946.561,2964.216,27874955900.0
2024-07-22 13:45:00,2978.193,2978.601,2946.561,2964.216,27874955900.0
2024-07-22 14:00:00,2978.193,2978.601,2946.561,2964.216,27874955900.0
2024-07-22 14:15:00,2978.193,2978.601,2946.561,2964.216,27874955900.0
2024-07-22 14:30:00,2978.193,2978.601,2946.561,2964.216,27874955900.0
2024-07-22 14:45:00,2978.193,2978.601,2946.561,2964.216,27874955900.0
2024-07-22 15:00:00,2978.193,2978.601,2946.561,2964.216,27874955900.0
2024-07-23 09:45:00,2960.5,2960.5,2915.368,2915.369,29629599400.0
2024-07-23 10:00:00,2960.5,2960.5,2915.368,2915.369,29629599400.0
2024-07-23 10:15:00,2960.5,2960.5,2915.368,2915.369,29629599400.0
2024-07-23 10:30:00,2960.5,2960.5,2915.368,2915.369,29629599400.0
2024-07-23 10:45:00,2960.5,2960.5,2915.368,2915.369,29629599400.0
2024-07-23 11:00:00,2960.5,2960.5,2915.368,2915.369,29629599400.0
2024-07-23 11:15:00,2960.5,2960.5,2915.368,2915.369,29629599400.0
2024-07-23 11:30:00,2960.5,2960.5,2915.368,2915.369,29629599400.0
2024-07-23 13:15:00,2960.5,2960.5,2915.368,2915.369,29629599400.0
2024-07-23 13:30:00,2960.5,2960.5,2915.368,2915.369,29629599400.0
2024-07-23 13:45:00,2960.5,2960.5,2915.368,2915.369,29629599400.0
2024-07-23 14:00:00,2960.5,2960.5,2915.368,2915.369,29629599400.0
2024-07-23 14:15:00,2960.5,2960.5,2915.368,2915.369,29629599400.0
2024-07-23 14:30:00,2960.5,2960.5,2915.368,2915.369,29629599400.0
2024-07-23 14:45:00,2960.5,2960.5,2915.368,2915.369,29629599400.0
2024-07-23 15:00:00,2960.5,2960.5,2915.368,2915.369,29629599400.0
2024-07-24 09:45:00,2909.152,2922.03,2894.289,2901.952,30611885300.0
2024-07-24 10:00:00,2909.152,2922.03,2894.289,2901.952,30611885300.0
2024-07-24 10:15:00,2909.152,2922.03,2894.289,2901.952,30611885300.0
2024-07-24 10:30:00,2909.152,2922.03,2894.289,2901.952,30611885300.0
2024-07-24 10:45:00,2909.152,2922.03,2894.289,2901.952,30611885300.0
2024-07-24 11:00:00,2909.152,2922.03,2894.289,2901.952,30611885300.0
2024-07-24 11:15:00,2909.152,2922.03,2894.289,2901.952,30611885300.0
2024-07-24 11:30:00,2909.152,2922.03,2894.289,2901.952,30611885300.0
2024-07-24 13:15:00,2909.152,2922.03,2894.289,2901.952,30611885300.0
2024-07-24 13:30:00,2909.152,2922.03,2894.289,2901.952,30611885300.0
2024-07-24 13:45:00,2909.152,2922.03,2894.289,2901.952,30611885300.0
2024-07-24 14:00:00,2909.152,2922.03,2894.289,2901.952,30611885300.0
2024-07-24 14:15:00,2909.152,2922.03,2894.289,2901.952,30611885300.0
2024-07-24 14:30:00,2909.152,2922.03,2894.289,2901.952,30611885300.0
2024-07-24 14:45:00,2909.152,2922.03,2894.289,2901.952,30611885300.0
2024-07-24 15:00:00,2909.152,2922.03,2894.289,2901.952,30611885300.0
2024-07-25 09:45:00,2891.892,2897.767,2872.85,2886.742,27463950000.0
2024-07-25 10:00:00,2891.892,2897.767,2872.85,2886.742,27463950000.0
2024-07-25 10:15:00,2891.892,2897.767,2872.85,2886.742,27463950000.0
2024-07-25 10:30:00,2891.892,2897.767,2872.85,2886.742,27463950000.0
2024-07-25 10:45:00,2891.892,2897.767,2872.85,2886.742,27463950000.0
2024-07-25 11:00:00,2891.892,2897.767,2872.85,2886.742,27463950000.0
2024-07-25 11:15:00,2891.892,2897.767,2872.85,2886.742,27463950000.0
2024-07-25 11:30:00,2891.892,2897.767,2872.85,2886.742,27463950000.0
2024-07-25 13:15:00,2891.892,2897.767,2872.85,2886.742,27463950000.0
2024-07-25 13:30:00,2891.892,2897.767,2872.85,2886.742,27463950000.0
2024-07-25 13:45:00,2891.892,2897.767,2872.85,2886.742,27463950000.0
2024-07-25 14:00:00,2891.892,2897.767,2872.85,2886.742,27463950000.0
2024-07-25 14:15:00,2891.892,2897.767,2872.85,2886.742,27463950000.0
2024-07-25 14:30:00,2891.892,2897.767,2872.85,2886.742,27463950000.0
2024-07-25 14:45:00,2891.892,2897.767,2872.85,2886.742,27463950000.0
2024-07-25 15:00:00,2891.892,2897.767,2872.85,2886.742,27463950000.0
2024-07-26 09:45:00,2885.995,2899.116,2875.396,2890.897,27838753600.0
2024-07-26 10:00:00,2885.995,2899.116,2875.396,2890.897,27838753600.0
2024-07-26 10:15:00,2885.995,2899.116,2875.396,2890.897,27838753600.0
2024-07-26 10:30:00,2885.995,2899.116,2875.396,2890.897,27838753600.0
2024-07-26 10:45:00,2885.995,2899.116,2875.396,2890.897,27838753600.0
2024-07-26 11:00:00,2885.995,2899.116,2875.396,2890.897,27838753600.0
2024-07-26 11:15:00,2885.995,2899.116,2875.396,2890.897,27838753600.0
2024-07-26 11:30:00,2885.995,2899.116,2875.396,2890.897,27838753600.0
2024-07-26 13:15:00,2885.995,2899.116,2875.396,2890.897,27838753600.0
2024-07-26 13:30:00,2885.995,2899.116,2875.396,2890.897,27838753600.0
2024-07-26 13:45:00,2885.995,2899.116,2875.396,2890.897,27838753600.0
2024-07-26 14:00:00,2885.995,2899.116,2875.396,2890.897,27838753600.0
2024-07-26 14:15:00,2885.995,2899.116,2875.396,2890.897,27838753600.0
2024-07-26 14:30:00,2885.995,2899.116,2875.396,2890.897,27838753600.0
2024-07-26 14:45:00,2885.995,2899.116,2875.396,2890.897,27838753600.0
2024-07-26 15:00:00,2885.995,2899.116,2875.396,2890.897,27838753600.0
2024-07-29 09:45:00,2889.473,2898.951,2878.583,2891.845,25689972700.0
2024-07-29 10:00:00,2889.473,2898.951,2878.583,2891.845,25689972700.0
2024-07-29 10:15:00,2889.473,2898.951,2878.583,2891.845,25689972700.0
2024-07-29 10:30:00,2889.473,2898.951,2878.583,2891.845,25689972700.0
2024-07-29 10:45:00,2889.473,2898.951,2878.583,2891.845,25689972700.0
2024-07-29 11:00:00,2889.473,2898.951,2878.583,2891.845,25689972700.0
2024-07-29 11:15:00,2889.473,2898.951,2878.583,2891.845,25689972700.0
2024-07-29 11:30:00,2889.473,2898.951,2878.583,2891.845,25689972700.0
2024-07-29 13:15:00,2889.473,2898.951,2878.583,2891.845,25689972700.0
2024-07-29 13:30:00,2889.473,2898.951,2878.583,2891.845,25689972700.0
2024-07-29 13:45:00,2889.473,2898.951,2878.583,2891.845,25689972700.0
2024-07-29 14:00:00,2889.473,2898.951,2878.583,2891.845,25689972700.0
2024-07-29 14:15:00,2889.473,2898.951,2878.583,2891.845,25689972700.0
2024-07-29 14:30:00,2889.473,2898.951,2878.583,2891.845,25689972700.0
2024-07-29 14:45:00,2889.473,2898.951,2878.583,2891.845,25689972700.0
2024-07-29 15:00:00,2889.473,2898.951,2878.583,2891.845,25689972700.0
2024-07-30 09:45:00,2885.215,2885.215,2865.149,2879.3,26247883700.0
2024-07-30 10:00:00,2885.215,2885.215,2865.149,2879.3,26247883700.0
2024-07-30 10:15:00,2885.215,2885.215,2865.149,2879.3,26247883700.0
2024-07-30 10:30:00,2885.215,2885.215,2865.149,2879.3,26247883700.0
2024-07-30 10:45:00,2885.215,2885.215,2865.149,2879.3,26247883700.0
2024-07-30 11:00:00,2885.215,2885.215,2865.149,2879.3,26247883700.0
2024-07-30 11:15:00,2885.215,2885.215,2865.149,2879.3,26247883700.0
2024-07-30 11:30:00,2885.215,2885.215,2865.149,2879.3,26247883700.0
2024-07-30 13:15:00,2885.215,2885.215,2865.149,2879.3,26247883700.0
2024-07-30 13:30:00,2885.215,2885.215,2865.149,2879.3,26247883700.0
2024-07-30 13:45:00,2885.215,2885.215,2865.149,2879.3,26247883700.0
2024-07-30 14:00:00,2885.215,2885.215,2865.149,2879.3,26247883700.0
2024-07-30 14:15:00,2885.215,2885.215,2865.149,2879.3,26247883700.0
2024-07-30 14:30:00,2885.215,2885.215,2865.149,2879.3,26247883700.0
2024-07-30 14:45:00,2885.215,2885.215,2865.149,2879.3,26247883700.0
2024-07-30 15:00:00,2885.215,2885.215,2865.149,2879.3,26247883700.0
2024-07-31 09:45:00,2877.541,2940.593,2876.301,2938.749,41272341700.0
2024-07-31 10:00:00,2877.541,2940.593,2876.301,2938.749,41272341700.0
2024-07-31 10:15:00,2877.541,2940.593,2876.301,2938.749,41272341700.0
2024-07-31 10:30:00,2877.541,2940.593,2876.301,2938.749,41272341700.0
2024-07-31 10:45:00,2877.541,2940.593,2876.301,2938.749,41272341700.0
2024-07-31 11:00:00,2877.541,2940.593,2876.301,2938.749,41272341700.0
2024-07-31 11:15:00,2877.541,2940.593,2876.301,2938.749,41272341700.0
2024-07-31 11:30:00,2877.541,2940.593,2876.301,2938.749,41272341700.0
2024-07-31 13:15:00,2877.541,2940.593,2876.301,2938.749,41272341700.0
2024-07-31 13:30:00,2877.541,2940.593,2876.301,2938.749,41272341700.0
2024-07-31 13:45:00,2877.541,2940.593,2876.301,2938.749,41272341700.0
2024-07-31 14:00:00,2877.541,2940.593,2876.301,2938.749,41272341700.0
2024-07-31 14:15:00,2877.541,2940.593,2876.301,2938.749,41272341700.0
2024-07-31 14:30:00,2877.541,2940.593,2876.301,2938.749,41272341700.0
2024-07-31 14:45:00,2877.541,2940.593,2876.301,2938.749,41272341700.0
2024-07-31 15:00:00,2877.541,2940.593,2876.301,2938.749,41272341700.0
2024-08-01 09:45:00,2940.12,2947.877,2928.826,2932.387,34662113700.0
2024-08-01 10:00:00,2940.12,2947.877,2928.826,2932.387,34662113700.0
2024-08-01 10:15:00,2940.12,2947.877,2928.826,2932.387,34662113700.0
2024-08-01 10:30:00,2940.12,2947.877,2928.826,2932.387,34662113700.0
2024-08-01 10:45:00,2940.12,2947.877,2928.826,2932.387,34662113700.0
2024-08-01 11:00:00,2940.12,2947.877,2928.826,2932.387,34662113700.0
2024-08-01 11:15:00,2940.12,2947.877,2928.826,2932.387,34662113700.0
2024-08-01 11:30:00,2940.12,2947.877,2928.826,2932.387,34662113700.0
2024-08-01 13:15:00,2940.12,2947.877,2928.826,2932.387,34662113700.0
2024-08-01 13:30:00,2940.12,2947.877,2928.826,2932.387,34662113700.0
2024-08-01 13:45:00,2940.12,2947.877,2928.826,2932.387,34662113700.0
2024-08-01 14:00:00,2940.12,2947.877,2928.826,2932.387,34662113700.0
2024-08-01 14:15:00,2940.12,2947.877,2928.826,2932.387,34662113700.0
2024-08-01 14:30:00,2940.12,2947.877,2928.826,2932.387,34662113700.0
2024-08-01 14:45:00,2940.12,2947.877,2928.826,2932.387,34662113700.0
2024-08-01 15:00:00,2940.12,2947.877,2928.826,2932.387,34662113700.0
2024-08-02 09:45:00,2913.02,2931.259,2902.72,2905.338,31220503900.0
2024-08-02 10:00:00,2913.02,2931.259,2902.72,2905.338,31220503900.0
2024-08-02 10:15:00,2913.02,2931.259,2902.72,2905.338,31220503900.0
2024-08-02 10:30:00,2913.02,2931.259,2902.72,2905.338,31220503900.0
2024-08-02 10:45:00,2913.02,2931.259,2902.72,2905.338,31220503900.0
2024-08-02 11:00:00,2913.02,2931.259,2902.72,2905.338,31220503900.0
2024-08-02 11:15:00,2913.02,2931.259,2902.72,2905.338,31220503900.0
2024-08-02 11:30:00,2913.02,2931.259,2902.72,2905.338,31220503900.0
2024-08-02 13:15:00,2913.02,2931.259,2902.72,2905.338,31220503900.0
2024-08-02 13:30:00,2913.02,2931.259,2902.72,2905.338,31220503900.0
2024-08-02 13:45:00,2913.02,2931.259,2902.72,2905.338,31220503900.0
2024-08-02 14:00:00,2913.02,2931.259,2902.72,2905.338,31220503900.0
2024-08-02 14:15:00,2913.02,2931.259,2902.72,2905.338,31220503900.0
2024-08-02 14:30:00,2913.02,2931.259,2902.72,2905.338,31220503900.0
2024-08-02 14:45:00,2913.02,2931.259,2902.72,2905.338,31220503900.0
2024-08-02 15:00:00,2913.02,2931.259,2902.72,2905.338,31220503900.0
2024-08-05 09:45:00,2889.363,2919.025,2860.698,2860.698,35554057200.0
2024-08-05 10:00:00,2889.363,2919.025,2860.698,2860.698,35554057200.0
2024-08-05 10:15:00,2889.363,2919.025,2860.698,2860.698,35554057200.0
2024-08-05 10:30:00,2889.363,2919.025,2860.698,2860.698,35554057200.0
2024-08-05 10:45:00,2889.363,2919.025,2860.698,2860.698,35554057200.0
2024-08-05 11:00:00,2889.363,2919.025,2860.698,2860.698,35554057200.0
2024-08-05 11:15:00,2889.363,2919.025,2860.698,2860.698,35554057200.0
2024-08-05 11:30:00,2889.363,2919.025,2860.698,2860.698,35554057200.0
2024-08-05 13:15:00,2889.363,2919.025,2860.698,2860.698,35554057200.0
2024-08-05 13:30:00,2889.363,2919.025,2860.698,2860.698,35554057200.0
2024-08-05 13:45:00,2889.363,2919.025,2860.698,2860.698,35554057200.0
2024-08-05 14:00:00,2889.363,2919.025,2860.698,2860.698,35554057200.0
2024-08-05 14:15:00,2889.363,2919.025,2860.698,2860.698,35554057200.0
2024-08-05 14:30:00,2889.363,2919.025,2860.698,2860.698,35554057200.0
2024-08-05 14:45:00,2889.363,2919.025,2860.698,2860.698,35554057200.0
2024-08-05 15:00:00,2889.363,2919.025,2860.698,2860.698,35554057200.0
2024-08-06 09:45:00,2878.651,2888.201,2845.335,2867.284,29730080300.0
2024-08-06 10:00:00,2878.651,2888.201,2845.335,2867.284,29730080300.0
2024-08-06 10:15:00,2878.651,2888.201,2845.335,2867.284,29730080300.0
2024-08-06 10:30:00,2878.651,2888.201,2845.335,2867.284,29730080300.0
2024-08-06 10:45:00,2878.651,2888.201,2845.335,2867.284,29730080300.0
2024-08-06 11:00:00,2878.651,2888.201,2845.335,2867.284,29730080300.0
2024-08-06 11:15:00,2878.651,2888.201,2845.335,2867.284,29730080300.0
2024-08-06 11:30:00,2878.651,2888.201,2845.335,2867.284,29730080300.0
2024-08-06 13:15:00,2878.651,2888.201,2845.335,2867.284,29730080300.0
2024-08-06 13:30:00,2878.651,2888.201,2845.335,2867.284,29730080300.0
2024-08-06 13:45:00,2878.651,2888.201,2845.335,2867.284,29730080300.0
2024-08-06 14:00:00,2878.651,2888.201,2845.335,2867.284,29730080300.0
2024-08-06 14:15:00,2878.651,2888.201,2845.335,2867.284,29730080300.0
2024-08-06 14:30:00,2878.651,2888.201,2845.335,2867.284,29730080300.0
2024-08-06 14:45:00,2878.651,2888.201,2845.335,2867.284,29730080300.0
2024-08-06 15:00:00,2878.651,2888.201,2845.335,2867.284,29730080300.0
2024-08-07 09:45:00,2864.01,2886.942,2857.725,2869.834,26309715000.0
2024-08-07 10:00:00,2864.01,2886.942,2857.725,2869.834,26309715000.0
2024-08-07 10:15:00,2864.01,2886.942,2857.725,2869.834,26309715000.0
2024-08-07 10:30:00,2864.01,2886.942,2857.725,2869.834,26309715000.0
2024-08-07 10:45:00,2864.01,2886.942,2857.725,2869.834,26309715000.0
2024-08-07 11:00:00,2864.01,2886.942,2857.725,2869.834,26309715000.0
2024-08-07 11:15:00,2864.01,2886.942,2857.725,2869.834,26309715000.0
2024-08-07 11:30:00,2864.01,2886.942,2857.725,2869.834,26309715000.0
2024-08-07 13:15:00,2864.01,2886.942,2857.725,2869.834,26309715000.0
2024-08-07 13:30:00,2864.01,2886.942,2857.725,2869.834,26309715000.0
2024-08-07 13:45:00,2864.01,2886.942,2857.725,2869.834,26309715000.0
2024-08-07 14:00:00,2864.01,2886.942,2857.725,2869.834,26309715000.0
2024-08-07 14:15:00,2864.01,2886.942,2857.725,2869.834,26309715000.0
2024-08-07 14:30:00,2864.01,2886.942,2857.725,2869.834,26309715000.0
2024-08-07 14:45:00,2864.01,2886.942,2857.725,2869.834,26309715000.0
2024-08-07 15:00:00,2864.01,2886.942,2857.725,2869.834,26309715000.0
2024-08-08 09:45:00,2864.758,2886.399,2850.875,2869.901,28912863200.0
2024-08-08 10:00:00,2864.758,2886.399,2850.875,2869.901,28912863200.0
2024-08-08 10:15:00,2864.758,2886.399,2850.875,2869.901,28912863200.0
2024-08-08 10:30:00,2864.758,2886.399,2850.875,2869.901,28912863200.0
2024-08-08 10:45:00,2864.758,2886.399,2850.875,2869.901,28912863200.0
2024-08-08 11:00:00,2864.758,2886.399,2850.875,2869.901,28912863200.0
2024-08-08 11:15:00,2864.758,2886.399,2850.875,2869.901,28912863200.0
2024-08-08 11:30:00,2864.758,2886.399,2850.875,2869.901,28912863200.0
2024-08-08 13:15:00,2864.758,2886.399,2850.875,2869.901,28912863200.0
2024-08-08 13:30:00,2864.758,2886.399,2850.875,2869.901,28912863200.0
2024-08-08 13:45:00,2864.758,2886.399,2850.875,2869.901,28912863200.0
2024-08-08 14:00:00,2864.758,2886.399,2850.875,2869.901,28912863200.0
2024-08-08 14:15:00,2864.758,2886.399,2850.875,2869.901,28912863200.0
2024-08-08 14:30:00,2864.758,2886.399,2850.875,2869.901,28912863200.0
2024-08-08 14:45:00,2864.758,2886.399,2850.875,2869.901,28912863200.0
2024-08-08 15:00:00,2864.758,2886.399,2850.875,2869.901,28912863200.0
2024-08-09 09:45:00,2879.873,2887.849,2862.194,2862.194,28425391600.0
2024-08-09 10:00:00,2879.873,2887.849,2862.194,2862.194,28425391600.0
2024-08-09 10:15:00,2879.873,2887.849,2862.194,2862.194,28425391600.0
2024-08-09 10:30:00,2879.873,2887.849,2862.194,2862.194,28425391600.0
2024-08-09 10:45:00,2879.873,2887.849,2862.194,2862.194,28425391600.0
2024-08-09 11:00:00,2879.873,2887.849,2862.194,2862.194,28425391600.0
2024-08-09 11:15:00,2879.873,2887.849,2862.194,2862.194,28425391600.0
2024-08-09 11:30:00,2879.873,2887.849,2862.194,2862.194,28425391600.0
2024-08-09 13:15:00,2879.873,2887.849,2862.194,2862.194,28425391600.0
2024-08-09 13:30:00,2879.873,2887.849,2862.194,2862.194,28425391600.0
2024-08-09 13:45:00,2879.873,2887.849,2862.194,2862.194,28425391600.0
2024-08-09 14:00:00,2879.873,2887.849,2862.194,2862.194,28425391600.0
2024-08-09 14:15:00,2879.873,2887.849,2862.194,2862.194,28425391600.0
2024-08-09 14:30:00,2879.873,2887.849,2862.194,2862.194,28425391600.0
2024-08-09 14:45:00,2879.873,2887.849,2862.194,2862.194,28425391600.0
2024-08-09 15:00:00,2879.873,2887.849,2862.194,2862.194,28425391600.0
2024-08-12 09:45:00,2858.895,2869.269,2851.295,2858.205,24424137100.0
2024-08-12 10:00:00,2858.895,2869.269,2851.295,2858.205,24424137100.0
2024-08-12 10:15:00,2858.895,2869.269,2851.295,2858.205,24424137100.0
2024-08-12 10:30:00,2858.895,2869.269,2851.295,2858.205,24424137100.0
2024-08-12 10:45:00,2858.895,2869.269,2851.295,2858.205,24424137100.0
2024-08-12 11:00:00,2858.895,2869.269,2851.295,2858.205,24424137100.0
2024-08-12 11:15:00,2858.895,2869.269,2851.295,2858.205,24424137100.0
2024-08-12 11:30:00,2858.895,2869.269,2851.295,2858.205,24424137100.0
2024-08-12 13:15:00,2858.895,2869.269,2851.295,2858.205,24424137100.0
2024-08-12 13:30:00,2858.895,2869.269,2851.295,2858.205,24424137100.0
2024-08-12 13:45:00,2858.895,2869.269,2851.295,2858.205,24424137100.0
2024-08-12 14:00:00,2858.895,2869.269,2851.295,2858.205,24424137100.0
2024-08-12 14:15:00,2858.895,2869.269,2851.295,2858.205,24424137100.0
2024-08-12 14:30:00,2858.895,2869.269,2851.295,2858.205,24424137100.0
2024-08-12 14:45:00,2858.895,2869.269,2851.295,2858.205,24424137100.0
2024-08-12 15:00:00,2858.895,2869.269,2851.295,2858.205,24424137100.0
2024-08-13 09:45:00,2860.41,2867.946,2845.31,2867.946,23167460100.0
2024-08-13 10:00:00,2860.41,2867.946,2845.31,2867.946,23167460100.0
2024-08-13 10:15:00,2860.41,2867.946,2845.31,2867.946,23167460100.0
2024-08-13 10:30:00,2860.41,2867.946,2845.31,2867.946,23167460100.0
2024-08-13 10:45:00,2860.41,2867.946,2845.31,2867.946,23167460100.0
2024-08-13 11:00:00,2860.41,2867.946,2845.31,2867.946,23167460100.0
2024-08-13 11:15:00,2860.41,2867.946,2845.31,2867.946,23167460100.0
2024-08-13 11:30:00,2860.41,2867.946,2845.31,2867.946,23167460100.0
2024-08-13 13:15:00,2860.41,2867.946,2845.31,2867.946,23167460100.0
2024-08-13 13:30:00,2860.41,2867.946,2845.31,2867.946,23167460100.0
2024-08-13 13:45:00,2860.41,2867.946,2845.31,2867.946,23167460100.0
2024-08-13 14:00:00,2860.41,2867.946,2845.31,2867.946,23167460100.0
2024-08-13 14:15:00,2860.41,2867.946,2845.31,2867.946,23167460100.0
2024-08-13 14:30:00,2860.41,2867.946,2845.31,2867.946,23167460100.0
2024-08-13 14:45:00,2860.41,2867.946,2845.31,2867.946,23167460100.0
2024-08-13 15:00:00,2860.41,2867.946,2845.31,2867.946,23167460100.0
2024-08-14 09:45:00,2866.243,2866.243,2850.401,2850.654,21788517000.0
2024-08-14 10:00:00,2866.243,2866.243,2850.401,2850.654,21788517000.0
2024-08-14 10:15:00,2866.243,2866.243,2850.401,2850.654,21788517000.0
2024-08-14 10:30:00,2866.243,2866.243,2850.401,2850.654,21788517000.0
2024-08-14 10:45:00,2866.243,2866.243,2850.401,2850.654,21788517000.0
2024-08-14 11:00:00,2866.243,2866.243,2850.401,2850.654,21788517000.0
2024-08-14 11:15:00,2866.243,2866.243,2850.401,2850.654,21788517000.0
2024-08-14 11:30:00,2866.243,2866.243,2850.401,2850.654,21788517000.0
2024-08-14 13:15:00,2866.243,2866.243,2850.401,2850.654,21788517000.0
2024-08-14 13:30:00,2866.243,2866.243,2850.401,2850.654,21788517000.0
2024-08-14 13:45:00,2866.243,2866.243,2850.401,2850.654,21788517000.0
2024-08-14 14:00:00,2866.243,2866.243,2850.401,2850.654,21788517000.0
2024-08-14 14:15:00,2866.243,2866.243,2850.401,2850.654,21788517000.0
2024-08-14 14:30:00,2866.243,2866.243,2850.401,2850.654,21788517000.0
2024-08-14 14:45:00,2866.243,2866.243,2850.401,2850.654,21788517000.0
2024-08-14 15:00:00,2866.243,2866.243,2850.401,2850.654,21788517000.0
2024-08-15 09:45:00,2844.201,2889.087,2839.388,2877.358,27190000000.0
2024-08-15 10:00:00,2844.201,2889.087,2839.388,2877.358,27190000000.0
2024-08-15 10:15:00,2844.201,2889.087,2839.388,2877.358,27190000000.0
2024-08-15 10:30:00,2844.201,2889.087,2839.388,2877.358,27190000000.0
2024-08-15 10:45:00,2844.201,2889.087,2839.388,2877.358,27190000000.0
2024-08-15 11:00:00,2844.201,2889.087,2839.388,2877.358,27190000000.0
2024-08-15 11:15:00,2844.201,2889.087,2839.388,2877.358,27190000000.0
2024-08-15 11:30:00,2844.201,2889.087,2839.388,2877.358,27190000000.0
2024-08-15 13:15:00,2844.201,2889.087,2839.388,2877.358,27190000000.0
2024-08-15 13:30:00,2844.201,2889.087,2839.388,2877.358,27190000000.0
2024-08-15 13:45:00,2844.201,2889.087,2839.388,2877.358,27190000000.0
2024-08-15 14:00:00,2844.201,2889.087,2839.388,2877.358,27190000000.0
2024-08-15 14:15:00,2844.201,2889.087,2839.388,2877.358,27190000000.0
2024-08-15 14:30:00,2844.201,2889.087,2839.388,2877.358,27190000000.0
2024-08-15 14:45:00,2844.201,2889.087,2839.388,2877.358,27190000000.0
2024-08-15 15:00:00,2844.201,2889.087,2839.388,2877.358,27190000000.0
2024-08-16 09:45:00,2877.94,2888.675,2873.06,2879.43,26365344100.0
2024-08-16 10:00:00,2877.94,2888.675,2873.06,2879.43,26365344100.0
2024-08-16 10:15:00,2877.94,2888.675,2873.06,2879.43,26365344100.0
2024-08-16 10:30:00,2877.94,2888.675,2873.06,2879.43,26365344100.0
2024-08-16 10:45:00,2877.94,2888.675,2873.06,2879.43,26365344100.0
2024-08-16 11:00:00,2877.94,2888.675,2873.06,2879.43,26365344100.0
2024-08-16 11:15:00,2877.94,2888.675,2873.06,2879.43,26365344100.0
2024-08-16 11:30:00,2877.94,2888.675,2873.06,2879.43,26365344100.0
2024-08-16 13:15:00,2877.94,2888.675,2873.06,2879.43,26365344100.0
2024-08-16 13:30:00,2877.94,2888.675,2873.06,2879.43,26365344100.0
2024-08-16 13:45:00,2877.94,2888.675,2873.06,2879.43,26365344100.0
2024-08-16 14:00:00,2877.94,2888.675,2873.06,2879.43,26365344100.0
2024-08-16 14:15:00,2877.94,2888.675,2873.06,2879.43,26365344100.0
2024-08-16 14:30:00,2877.94,2888.675,2873.06,2879.43,26365344100.0
2024-08-16 14:45:00,2877.94,2888.675,2873.06,2879.43,26365344100.0
2024-08-16 15:00:00,2877.94,2888.675,2873.06,2879.43,26365344100.0
2024-08-19 09:45:00,2877.954,2905.155,2877.771,2893.674,26168773000.0
2024-08-19 10:00:00,2877.954,2905.155,2877.771,2893.674,26168773000.0
2024-08-19 10:15:00,2877.954,2905.155,2877.771,2893.674,26168773000.0
2024-08-19 10:30:00,2877.954,2905.155,2877.771,2893.674,26168773000.0
2024-08-19 10:45:00,2877.954,2905.155,2877.771,2893.674,26168773000.0
2024-08-19 11:00:00,2877.954,2905.155,2877.771,2893.674,26168773000.0
2024-08-19 11:15:00,2877.954,2905.155,2877.771,2893.674,26168773000.0
2024-08-19 11:30:00,2877.954,2905.155,2877.771,2893.674,26168773000.0
2024-08-19 13:15:00,2877.954,2905.155,2877.771,2893.674,26168773000.0
2024-08-19 13:30:00,2877.954,2905.155,2877.771,2893.674,26168773000.0
2024-08-19 13:45:00,2877.954,2905.155,2877.771,2893.674,26168773000.0
2024-08-19 14:00:00,2877.954,2905.155,2877.771,2893.674,26168773000.0
2024-08-19 14:15:00,2877.954,2905.155,2877.771,2893.674,26168773000.0
2024-08-19 14:30:00,2877.954,2905.155,2877.771,2893.674,26168773000.0
2024-08-19 14:45:00,2877.954,2905.155,2877.771,2893.674,26168773000.0
2024-08-19 15:00:00,2877.954,2905.155,2877.771,2893.674,26168773000.0
2024-08-20 09:45:00,2895.551,2896.519,2855.329,2866.661,26365800200.0
2024-08-20 10:00:00,2895.551,2896.519,2855.329,2866.661,26365800200.0
2024-08-20 10:15:00,2895.551,2896.519,2855.329,2866.661,26365800200.0
2024-08-20 10:30:00,2895.551,2896.519,2855.329,2866.661,26365800200.0
2024-08-20 10:45:00,2895.551,2896.519,2855.329,2866.661,26365800200.0
2024-08-20 11:00:00,2895.551,2896.519,2855.329,2866.661,26365800200.0
2024-08-20 11:15:00,2895.551,2896.519,2855.329,2866.661,26365800200.0
2024-08-20 11:30:00,2895.551,2896.519,2855.329,2866.661,26365800200.0
2024-08-20 13:15:00,2895.551,2896.519,2855.329,2866.661,26365800200.0
2024-08-20 13:30:00,2895.551,2896.519,2855.329,2866.661,26365800200.0
2024-08-20 13:45:00,2895.551,2896.519,2855.329,2866.661,26365800200.0
2024-08-20 14:00:00,2895.551,2896.519,2855.329,2866.661,26365800200.0
2024-08-20 14:15:00,2895.551,2896.519,2855.329,2866.661,26365800200.0
2024-08-20 14:30:00,2895.551,2896.519,2855.329,2866.661,26365800200.0
2024-08-20 14:45:00,2895.551,2896.519,2855.329,2866.661,26365800200.0
2024-08-20 15:00:00,2895.551,2896.519,2855.329,2866.661,26365800200.0
2024-08-21 09:45:00,2858.939,2863.891,2848.151,2856.584,22920002700.0
2024-08-21 10:00:00,2858.939,2863.891,2848.151,2856.584,22920002700.0
2024-08-21 10:15:00,2858.939,2863.891,2848.151,2856.584,22920002700.0
2024-08-21 10:30:00,2858.939,2863.891,2848.151,2856.584,22920002700.0
2024-08-21 10:45:00,2858.939,2863.891,2848.151,2856.584,22920002700.0
2024-08-21 11:00:00,2858.939,2863.891,2848.151,2856.584,22920002700.0
2024-08-21 11:15:00,2858.939,2863.891,2848.151,2856.584,22920002700.0
2024-08-21 11:30:00,2858.939,2863.891,2848.151,2856.584,22920002700.0
2024-08-21 13:15:00,2858.939,2863.891,2848.151,2856.584,22920002700.0
2024-08-21 13:30:00,2858.939,2863.891,2848.151,2856.584,22920002700.0
2024-08-21 13:45:00,2858.939,2863.891,2848.151,2856.584,22920002700.0
2024-08-21 14:00:00,2858.939,2863.891,2848.151,2856.584,22920002700.0
2024-08-21 14:15:00,2858.939,2863.891,2848.151,2856.584,22920002700.0
2024-08-21 14:30:00,2858.939,2863.891,2848.151,2856.584,22920002700.0
2024-08-21 14:45:00,2858.939,2863.891,2848.151,2856.584,22920002700.0
2024-08-21 15:00:00,2858.939,2863.891,2848.151,2856.584,22920002700.0
2024-08-22 09:45:00,2856.2,2861.607,2845.502,2848.772,24539941500.0
2024-08-22 10:00:00,2856.2,2861.607,2845.502,2848.772,24539941500.0
2024-08-22 10:15:00,2856.2,2861.607,2845.502,2848.772,24539941500.0
2024-08-22 10:30:00,2856.2,2861.607,2845.502,2848.772,24539941500.0
2024-08-22 10:45:00,2856.2,2861.607,2845.502,2848.772,24539941500.0
2024-08-22 11:00:00,2856.2,2861.607,2845.502,2848.772,24539941500.0
2024-08-22 11:15:00,2856.2,2861.607,2845.502,2848.772,24539941500.0
2024-08-22 11:30:00,2856.2,2861.607,2845.502,2848.772,24539941500.0
2024-08-22 13:15:00,2856.2,2861.607,2845.502,2848.772,24539941500.0
2024-08-22 13:30:00,2856.2,2861.607,2845.502,2848.772,24539941500.0
2024-08-22 13:45:00,2856.2,2861.607,2845.502,2848.772,24539941500.0
2024-08-22 14:00:00,2856.2,2861.607,2845.502,2848.772,24539941500.0
2024-08-22 14:15:00,2856.2,2861.607,2845.502,2848.772,24539941500.0
2024-08-22 14:30:00,2856.2,2861.607,2845.502,2848.772,24539941500.0
2024-08-22 14:45:00,2856.2,2861.607,2845.502,2848.772,24539941500.0
2024-08-22 15:00:00,2856.2,2861.607,2845.502,2848.772,24539941500.0
2024-08-23 09:45:00,2844.77,2860.733,2839.337,2854.368,22669256500.0
2024-08-23 10:00:00,2844.77,2860.733,2839.337,2854.368,22669256500.0
2024-08-23 10:15:00,2844.77,2860.733,2839.337,2854.368,22669256500.0
2024-08-23 10:30:00,2844.77,2860.733,2839.337,2854.368,22669256500.0
2024-08-23 10:45:00,2844.77,2860.733,2839.337,2854.368,22669256500.0
2024-08-23 11:00:00,2844.77,2860.733,2839.337,2854.368,22669256500.0
2024-08-23 11:15:00,2844.77,2860.733,2839.337,2854.368,22669256500.0
2024-08-23 11:30:00,2844.77,2860.733,2839.337,2854.368,22669256500.0
2024-08-23 13:15:00,2844.77,2860.733,2839.337,2854.368,22669256500.0
2024-08-23 13:30:00,2844.77,2860.733,2839.337,2854.368,22669256500.0
2024-08-23 13:45:00,2844.77,2860.733,2839.337,2854.368,22669256500.0
2024-08-23 14:00:00,2844.77,2860.733,2839.337,2854.368,22669256500.0
2024-08-23 14:15:00,2844.77,2860.733,2839.337,2854.368,22669256500.0
2024-08-23 14:30:00,2844.77,2860.733,2839.337,2854.368,22669256500.0
2024-08-23 14:45:00,2844.77,2860.733,2839.337,2854.368,22669256500.0
2024-08-23 15:00:00,2844.77,2860.733,2839.337,2854.368,22669256500.0
2024-08-26 09:45:00,2855.474,2860.655,2844.383,2855.52,22735152300.0
2024-08-26 10:00:00,2855.474,2860.655,2844.383,2855.52,22735152300.0
2024-08-26 10:15:00,2855.474,2860.655,2844.383,2855.52,22735152300.0
2024-08-26 10:30:00,2855.474,2860.655,2844.383,2855.52,22735152300.0
2024-08-26 10:45:00,2855.474,2860.655,2844.383,2855.52,22735152300.0
2024-08-26 11:00:00,2855.474,2860.655,2844.383,2855.52,22735152300.0
2024-08-26 11:15:00,2855.474,2860.655,2844.383,2855.52,22735152300.0
2024-08-26 11:30:00,2855.474,2860.655,2844.383,2855.52,22735152300.0
2024-08-26 13:15:00,2855.474,2860.655,2844.383,2855.52,22735152300.0
2024-08-26 13:30:00,2855.474,2860.655,2844.383,2855.52,22735152300.0
2024-08-26 13:45:00,2855.474,2860.655,2844.383,2855.52,22735152300.0
2024-08-26 14:00:00,2855.474,2860.655,2844.383,2855.52,22735152300.0
2024-08-26 14:15:00,2855.474,2860.655,2844.383,2855.52,22735152300.0
2024-08-26 14:30:00,2855.474,2860.655,2844.383,2855.52,22735152300.0
2024-08-26 14:45:00,2855.474,2860.655,2844.383,2855.52,22735152300.0
2024-08-26 15:00:00,2855.474,2860.655,2844.383,2855.52,22735152300.0
2024-08-27 09:45:00,2850.877,2853.78,2843.158,2848.731,23069300600.0
2024-08-27 10:00:00,2850.877,2853.78,2843.158,2848.731,23069300600.0
2024-08-27 10:15:00,2850.877,2853.78,2843.158,2848.731,23069300600.0
2024-08-27 10:30:00,2850.877,2853.78,2843.158,2848.731,23069300600.0
2024-08-27 10:45:00,2850.877,2853.78,2843.158,2848.731,23069300600.0
2024-08-27 11:00:00,2850.877,2853.78,2843.158,2848.731,23069300600.0
2024-08-27 11:15:00,2850.877,2853.78,2843.158,2848.731,23069300600.0
2024-08-27 11:30:00,2850.877,2853.78,2843.158,2848.731,23069300600.0
2024-08-27 13:15:00,2850.877,2853.78,2843.158,2848.731,23069300600.0
2024-08-27 13:30:00,2850.877,2853.78,2843.158,2848.731,23069300600.0
2024-08-27 13:45:00,2850.877,2853.78,2843.158,2848.731,23069300600.0
2024-08-27 14:00:00,2850.877,2853.78,2843.158,2848.731,23069300600.0
2024-08-27 14:15:00,2850.877,2853.78,2843.158,2848.731,23069300600.0
2024-08-27 14:30:00,2850.877,2853.78,2843.158,2848.731,23069300600.0
2024-08-27 14:45:00,2850.877,2853.78,2843.158,2848.731,23069300600.0
2024-08-27 15:00:00,2850.877,2853.78,2843.158,2848.731,23069300600.0
2024-08-28 09:45:00,2844.327,2852.562,2830.962,2837.429,22873062300.0
2024-08-28 10:00:00,2844.327,2852.562,2830.962,2837.429,22873062300.0
2024-08-28 10:15:00,2844.327,2852.562,2830.962,2837.429,22873062300.0
2024-08-28 10:30:00,2844.327,2852.562,2830.962,2837.429,22873062300.0
2024-08-28 10:45:00,2844.327,2852.562,2830.962,2837.429,22873062300.0
2024-08-28 11:00:00,2844.327,2852.562,2830.962,2837.429,22873062300.0
2024-08-28 11:15:00,2844.327,2852.562,2830.962,2837.429,22873062300.0
2024-08-28 11:30:00,2844.327,2852.562,2830.962,2837.429,22873062300.0
2024-08-28 13:15:00,2844.327,2852.562,2830.962,2837.429,22873062300.0
2024-08-28 13:30:00,2844.327,2852.562,2830.962,2837.429,22873062300.0
2024-08-28 13:45:00,2844.327,2852.562,2830.962,2837.429,22873062300.0
2024-08-28 14:00:00,2844.327,2852.562,2830.962,2837.429,22873062300.0
2024-08-28 14:15:00,2844.327,2852.562,2830.962,2837.429,22873062300.0
2024-08-28 14:30:00,2844.327,2852.562,2830.962,2837.429,22873062300.0
2024-08-28 14:45:00,2844.327,2852.562,2830.962,2837.429,22873062300.0
2024-08-28 15:00:00,2844.327,2852.562,2830.962,2837.429,22873062300.0
2024-08-29 09:45:00,2829.451,2831.431,2815.383,2823.106,27751053400.0
2024-08-29 10:00:00,2829.451,2831.431,2815.383,2823.106,27751053400.0
2024-08-29 10:15:00,2829.451,2831.431,2815.383,2823.106,27751053400.0
2024-08-29 10:30:00,2829.451,2831.431,2815.383,2823.106,27751053400.0
2024-08-29 10:45:00,2829.451,2831.431,2815.383,2823.106,27751053400.0
2024-08-29 11:00:00,2829.451,2831.431,2815.383,2823.106,27751053400.0
2024-08-29 11:15:00,2829.451,2831.431,2815.383,2823.106,27751053400.0
2024-08-29 11:30:00,2829.451,2831.431,2815.383,2823.106,27751053400.0
2024-08-29 13:15:00,2829.451,2831.431,2815.383,2823.106,27751053400.0
2024-08-29 13:30:00,2829.451,2831.431,2815.383,2823.106,27751053400.0
2024-08-29 13:45:00,2829.451,2831.431,2815.383,2823.106,27751053400.0
2024-08-29 14:00:00,2829.451,2831.431,2815.383,2823.106,27751053400.0
2024-08-29 14:15:00,2829.451,2831.431,2815.383,2823.106,27751053400.0
2024-08-29 14:30:00,2829.451,2831.431,2815.383,2823.106,27751053400.0
2024-08-29 14:45:00,2829.451,2831.431,2815.383,2823.106,27751053400.0
2024-08-29 15:00:00,2829.451,2831.431,2815.383,2823.106,27751053400.0
2024-08-30 09:45:00,2819.65,2867.965,2817.014,2842.214,39751697500.0
2024-08-30 10:00:00,2819.65,2867.965,2817.014,2842.214,39751697500.0
2024-08-30 10:15:00,2819.65,2867.965,2817.014,2842.214,39751697500.0
2024-08-30 10:30:00,2819.65,2867.965,2817.014,2842.214,39751697500.0
2024-08-30 10:45:00,2819.65,2867.965,2817.014,2842.214,39751697500.0
2024-08-30 11:00:00,2819.65,2867.965,2817.014,2842.214,39751697500.0
2024-08-30 11:15:00,2819.65,2867.965,2817.014,2842.214,39751697500.0
2024-08-30 11:30:00,2819.65,2867.965,2817.014,2842.214,39751697500.0
2024-08-30 13:15:00,2819.65,2867.965,2817.014,2842.214,39751697500.0
2024-08-30 13:30:00,2819.65,2867.965,2817.014,2842.214,39751697500.0
2024-08-30 13:45:00,2819.65,2867.965,2817.014,2842.214,39751697500.0
2024-08-30 14:00:00,2819.65,2867.965,2817.014,2842.214,39751697500.0
2024-08-30 14:15:00,2819.65,2867.965,2817.014,2842.214,39751697500.0
2024-08-30 14:30:00,2819.65,2867.965,2817.014,2842.214,39751697500.0
2024-08-30 14:45:00,2819.65,2867.965,2817.014,2842.214,39751697500.0
2024-08-30 15:00:00,2819.65,2867.965,2817.014,2842.214,39751697500.0
2024-09-02 09:45:00,2832.35,2839.278,2810.374,2811.035,34071419300.0
2024-09-02 10:00:00,2832.35,2839.278,2810.374,2811.035,34071419300.0
2024-09-02 10:15:00,2832.35,2839.278,2810.374,2811.035,34071419300.0
2024-09-02 10:30:00,2832.35,2839.278,2810.374,2811.035,34071419300.0
2024-09-02 10:45:00,2832.35,2839.278,2810.374,2811.035,34071419300.0
2024-09-02 11:00:00,2832.35,2839.278,2810.374,2811.035,34071419300.0
2024-09-02 11:15:00,2832.35,2839.278,2810.374,2811.035,34071419300.0
2024-09-02 11:30:00,2832.35,2839.278,2810.374,2811.035,34071419300.0
2024-09-02 13:15:00,2832.35,2839.278,2810.374,2811.035,34071419300.0
2024-09-02 13:30:00,2832.35,2839.278,2810.374,2811.035,34071419300.0
2024-09-02 13:45:00,2832.35,2839.278,2810.374,2811.035,34071419300.0
2024-09-02 14:00:00,2832.35,2839.278,2810.374,2811.035,34071419300.0
2024-09-02 14:15:00,2832.35,2839.278,2810.374,2811.035,34071419300.0
2024-09-02 14:30:00,2832.35,2839.278,2810.374,2811.035,34071419300.0
2024-09-02 14:45:00,2832.35,2839.278,2810.374,2811.035,34071419300.0
2024-09-02 15:00:00,2832.35,2839.278,2810.374,2811.035,34071419300.0
2024-09-03 09:45:00,2809.173,2814.903,2794.911,2802.979,27573613900.0
2024-09-03 10:00:00,2809.173,2814.903,2794.911,2802.979,27573613900.0
2024-09-03 10:15:00,2809.173,2814.903,2794.911,2802.979,27573613900.0
2024-09-03 10:30:00,2809.173,2814.903,2794.911,2802.979,27573613900.0
2024-09-03 10:45:00,2809.173,2814.903,2794.911,2802.979,27573613900.0
2024-09-03 11:00:00,2809.173,2814.903,2794.911,2802.979,27573613900.0
2024-09-03 11:15:00,2809.173,2814.903,2794.911,2802.979,27573613900.0
2024-09-03 11:30:00,2809.173,2814.903,2794.911,2802.979,27573613900.0
2024-09-03 13:15:00,2809.173,2814.903,2794.911,2802.979,27573613900.0
2024-09-03 13:30:00,2809.173,2814.903,2794.911,2802.979,27573613900.0
2024-09-03 13:45:00,2809.173,2814.903,2794.911,2802.979,27573613900.0
2024-09-03 14:00:00,2809.173,2814.903,2794.911,2802.979,27573613900.0
2024-09-03 14:15:00,2809.173,2814.903,2794.911,2802.979,27573613900.0
2024-09-03 14:30:00,2809.173,2814.903,2794.911,2802.979,27573613900.0
2024-09-03 14:45:00,2809.173,2814.903,2794.911,2802.979,27573613900.0
2024-09-03 15:00:00,2809.173,2814.903,2794.911,2802.979,27573613900.0
2024-09-04 09:45:00,2786.505,2800.607,2781.935,2784.278,25745350000.0
2024-09-04 10:00:00,2786.505,2800.607,2781.935,2784.278,25745350000.0
2024-09-04 10:15:00,2786.505,2800.607,2781.935,2784.278,25745350000.0
2024-09-04 10:30:00,2786.505,2800.607,2781.935,2784.278,25745350000.0
2024-09-04 10:45:00,2786.505,2800.607,2781.935,2784.278,25745350000.0
2024-09-04 11:00:00,2786.505,2800.607,2781.935,2784.278,25745350000.0
2024-09-04 11:15:00,2786.505,2800.607,2781.935,2784.278,25745350000.0
2024-09-04 11:30:00,2786.505,2800.607,2781.935,2784.278,25745350000.0
2024-09-04 13:15:00,2786.505,2800.607,2781.935,2784.278,25745350000.0
2024-09-04 13:30:00,2786.505,2800.607,2781.935,2784.278,25745350000.0
2024-09-04 13:45:00,2786.505,2800.607,2781.935,2784.278,25745350000.0
2024-09-04 14:00:00,2786.505,2800.607,2781.935,2784.278,25745350000.0
2024-09-04 14:15:00,2786.505,2800.607,2781.935,2784.278,25745350000.0
2024-09-04 14:30:00,2786.505,2800.607,2781.935,2784.278,25745350000.0
2024-09-04 14:45:00,2786.505,2800.607,2781.935,2784.278,25745350000.0
2024-09-04 15:00:00,2786.505,2800.607,2781.935,2784.278,25745350000.0
2024-09-05 09:45:00,2785.264,2796.019,2777.471,2788.314,24204094800.0
2024-09-05 10:00:00,2785.264,2796.019,2777.471,2788.314,24204094800.0
2024-09-05 10:15:00,2785.264,2796.019,2777.471,2788.314,24204094800.0
2024-09-05 10:30:00,2785.264,2796.019,2777.471,2788.314,24204094800.0
2024-09-05 10:45:00,2785.264,2796.019,2777.471,2788.314,24204094800.0
2024-09-05 11:00:00,2785.264,2796.019,2777.471,2788.314,24204094800.0
2024-09-05 11:15:00,2785.264,2796.019,2777.471,2788.314,24204094800.0
2024-09-05 11:30:00,2785.264,2796.019,2777.471,2788.314,24204094800.0
2024-09-05 13:15:00,2785.264,2796.019,2777.471,2788.314,24204094800.0
2024-09-05 13:30:00,2785.264,2796.019,2777.471,2788.314,24204094800.0
2024-09-05 13:45:00,2785.264,2796.019,2777.471,2788.314,24204094800.0
2024-09-05 14:00:00,2785.264,2796.019,2777.471,2788.314,24204094800.0
2024-09-05 14:15:00,2785.264,2796.019,2777.471,2788.314,24204094800.0
2024-09-05 14:30:00,2785.264,2796.019,2777.471,2788.314,24204094800.0
2024-09-05 14:45:00,2785.264,2796.019,2777.471,2788.314,24204094800.0
2024-09-05 15:00:00,2785.264,2796.019,2777.471,2788.314,24204094800.0
2024-09-06 09:45:00,2791.765,2804.093,2765.639,2765.807,25364537500.0
2024-09-06 10:00:00,2791.765,2804.093,2765.639,2765.807,25364537500.0
2024-09-06 10:15:00,2791.765,2804.093,2765.639,2765.807,25364537500.0
2024-09-06 10:30:00,2791.765,2804.093,2765.639,2765.807,25364537500.0
2024-09-06 10:45:00,2791.765,2804.093,2765.639,2765.807,25364537500.0
2024-09-06 11:00:00,2791.765,2804.093,2765.639,2765.807,25364537500.0
2024-09-06 11:15:00,2791.765,2804.093,2765.639,2765.807,25364537500.0
2024-09-06 11:30:00,2791.765,2804.093,2765.639,2765.807,25364537500.0
2024-09-06 13:15:00,2791.765,2804.093,2765.639,2765.807,25364537500.0
2024-09-06 13:30:00,2791.765,2804.093,2765.639,2765.807,25364537500.0
2024-09-06 13:45:00,2791.765,2804.093,2765.639,2765.807,25364537500.0
2024-09-06 14:00:00,2791.765,2804.093,2765.639,2765.807,25364537500.0
2024-09-06 14:15:00,2791.765,2804.093,2765.639,2765.807,25364537500.0
2024-09-06 14:30:00,2791.765,2804.093,2765.639,2765.807,25364537500.0
2024-09-06 14:45:00,2791.765,2804.093,2765.639,2765.807,25364537500.0
2024-09-06 15:00:00,2791.765,2804.093,2765.639,2765.807,25364537500.0
2024-09-09 09:45:00,2754.724,2756.556,2726.967,2736.488,26146884700.0
2024-09-09 10:00:00,2754.724,2756.556,2726.967,2736.488,26146884700.0
2024-09-09 10:15:00,2754.724,2756.556,2726.967,2736.488,26146884700.0
2024-09-09 10:30:00,2754.724,2756.556,2726.967,2736.488,26146884700.0
2024-09-09 10:45:00,2754.724,2756.556,2726.967,2736.488,26146884700.0
2024-09-09 11:00:00,2754.724,2756.556,2726.967,2736.488,26146884700.0
2024-09-09 11:15:00,2754.724,2756.556,2726.967,2736.488,26146884700.0
2024-09-09 11:30:00,2754.724,2756.556,2726.967,2736.488,26146884700.0
2024-09-09 13:15:00,2754.724,2756.556,2726.967,2736.488,26146884700.0
2024-09-09 13:30:00,2754.724,2756.556,2726.967,2736.488,26146884700.0
2024-09-09 13:45:00,2754.724,2756.556,2726.967,2736.488,26146884700.0
2024-09-09 14:00:00,2754.724,2756.556,2726.967,2736.488,26146884700.0
2024-09-09 14:15:00,2754.724,2756.556,2726.967,2736.488,26146884700.0
2024-09-09 14:30:00,2754.724,2756.556,2726.967,2736.488,26146884700.0
2024-09-09 14:45:00,2754.724,2756.556,2726.967,2736.488,26146884700.0
2024-09-09 15:00:00,2754.724,2756.556,2726.967,2736.488,26146884700.0
2024-09-10 09:45:00,2737.881,2750.118,2718.627,2744.192,26215901500.0
2024-09-10 10:00:00,2737.881,2750.118,2718.627,2744.192,26215901500.0
2024-09-10 10:15:00,2737.881,2750.118,2718.627,2744.192,26215901500.0
2024-09-10 10:30:00,2737.881,2750.118,2718.627,2744.192,26215901500.0
2024-09-10 10:45:00,2737.881,2750.118,2718.627,2744.192,26215901500.0
2024-09-10 11:00:00,2737.881,2750.118,2718.627,2744.192,26215901500.0
2024-09-10 11:15:00,2737.881,2750.118,2718.627,2744.192,26215901500.0
2024-09-10 11:30:00,2737.881,2750.118,2718.627,2744.192,26215901500.0
2024-09-10 13:15:00,2737.881,2750.118,2718.627,2744.192,26215901500.0
2024-09-10 13:30:00,2737.881,2750.118,2718.627,2744.192,26215901500.0
2024-09-10 13:45:00,2737.881,2750.118,2718.627,2744.192,26215901500.0
2024-09-10 14:00:00,2737.881,2750.118,2718.627,2744.192,26215901500.0
2024-09-10 14:15:00,2737.881,2750.118,2718.627,2744.192,26215901500.0
2024-09-10 14:30:00,2737.881,2750.118,2718.627,2744.192,26215901500.0
2024-09-10 14:45:00,2737.881,2750.118,2718.627,2744.192,26215901500.0
2024-09-10 15:00:00,2737.881,2750.118,2718.627,2744.192,26215901500.0
2024-09-11 09:45:00,2732.731,2732.731,2710.621,2721.795,24226490000.0
2024-09-11 10:00:00,2732.731,2732.731,2710.621,2721.795,24226490000.0
2024-09-11 10:15:00,2732.731,2732.731,2710.621,2721.795,24226490000.0
2024-09-11 10:30:00,2732.731,2732.731,2710.621,2721.795,24226490000.0
2024-09-11 10:45:00,2732.731,2732.731,2710.621,2721.795,24226490000.0
2024-09-11 11:00:00,2732.731,2732.731,2710.621,2721.795,24226490000.0
2024-09-11 11:15:00,2732.731,2732.731,2710.621,2721.795,24226490000.0
2024-09-11 11:30:00,2732.731,2732.731,2710.621,2721.795,24226490000.0
2024-09-11 13:15:00,2732.731,2732.731,2710.621,2721.795,24226490000.0
2024-09-11 13:30:00,2732.731,2732.731,2710.621,2721.795,24226490000.0
2024-09-11 13:45:00,2732.731,2732.731,2710.621,2721.795,24226490000.0
2024-09-11 14:00:00,2732.731,2732.731,2710.621,2721.795,24226490000.0
2024-09-11 14:15:00,2732.731,2732.731,2710.621,2721.795,24226490000.0
2024-09-11 14:30:00,2732.731,2732.731,2710.621,2721.795,24226490000.0
2024-09-11 14:45:00,2732.731,2732.731,2710.621,2721.795,24226490000.0
2024-09-11 15:00:00,2732.731,2732.731,2710.621,2721.795,24226490000.0
2024-09-12 09:45:00,2722.138,2734.683,2716.555,2717.123,24008431500.0
2024-09-12 10:00:00,2722.138,2734.683,2716.555,2717.123,24008431500.0
2024-09-12 10:15:00,2722.138,2734.683,2716.555,2717.123,24008431500.0
2024-09-12 10:30:00,2722.138,2734.683,2716.555,2717.123,24008431500.0
2024-09-12 10:45:00,2722.138,2734.683,2716.555,2717.123,24008431500.0
2024-09-12 11:00:00,2722.138,2734.683,2716.555,2717.123,24008431500.0
2024-09-12 11:15:00,2722.138,2734.683,2716.555,2717.123,24008431500.0
2024-09-12 11:30:00,2722.138,2734.683,2716.555,2717.123,24008431500.0
2024-09-12 13:15:00,2722.138,2734.683,2716.555,2717.123,24008431500.0
2024-09-12 13:30:00,2722.138,2734.683,2716.555,2717.123,24008431500.0
2024-09-12 13:45:00,2722.138,2734.683,2716.555,2717.123,24008431500.0
2024-09-12 14:00:00,2722.138,2734.683,2716.555,2717.123,24008431500.0
2024-09-12 14:15:00,2722.138,2734.683,2716.555,2717.123,24008431500.0
2024-09-12 14:30:00,2722.138,2734.683,2716.555,2717.123,24008431500.0
2024-09-12 14:45:00,2722.138,2734.683,2716.555,2717.123,24008431500.0
2024-09-12 15:00:00,2722.138,2734.683,2716.555,2717.123,24008431500.0
2024-09-13 09:45:00,2718.986,2728.78,2703.369,2704.09,25127003800.0
2024-09-13 10:00:00,2718.986,2728.78,2703.369,2704.09,25127003800.0
2024-09-13 10:15:00,2718.986,2728.78,2703.369,2704.09,25127003800.0
2024-09-13 10:30:00,2718.986,2728.78,2703.369,2704.09,25127003800.0
2024-09-13 10:45:00,2718.986,2728.78,2703.369,2704.09,25127003800.0
2024-09-13 11:00:00,2718.986,2728.78,2703.369,2704.09,25127003800.0
2024-09-13 11:15:00,2718.986,2728.78,2703.369,2704.09,25127003800.0
2024-09-13 11:30:00,2718.986,2728.78,2703.369,2704.09,25127003800.0
2024-09-13 13:15:00,2718.986,2728.78,2703.369,2704.09,25127003800.0
2024-09-13 13:30:00,2718.986,2728.78,2703.369,2704.09,25127003800.0
2024-09-13 13:45:00,2718.986,2728.78,2703.369,2704.09,25127003800.0
2024-09-13 14:00:00,2718.986,2728.78,2703.369,2704.09,25127003800.0
2024-09-13 14:15:00,2718.986,2728.78,2703.369,2704.09,25127003800.0
2024-09-13 14:30:00,2718.986,2728.78,2703.369,2704.09,25127003800.0
2024-09-13 14:45:00,2718.986,2728.78,2703.369,2704.09,25127003800.0
2024-09-13 15:00:00,2718.986,2728.78,2703.369,2704.09,25127003800.0
2024-09-18 09:45:00,2705.345,2724.114,2689.695,2717.281,24781713200.0
2024-09-18 10:00:00,2705.345,2724.114,2689.695,2717.281,24781713200.0
2024-09-18 10:15:00,2705.345,2724.114,2689.695,2717.281,24781713200.0
2024-09-18 10:30:00,2705.345,2724.114,2689.695,2717.281,24781713200.0
2024-09-18 10:45:00,2705.345,2724.114,2689.695,2717.281,24781713200.0
2024-09-18 11:00:00,2705.345,2724.114,2689.695,2717.281,24781713200.0
2024-09-18 11:15:00,2705.345,2724.114,2689.695,2717.281,24781713200.0
2024-09-18 11:30:00,2705.345,2724.114,2689.695,2717.281,24781713200.0
2024-09-18 13:15:00,2705.345,2724.114,2689.695,2717.281,24781713200.0
2024-09-18 13:30:00,2705.345,2724.114,2689.695,2717.281,24781713200.0
2024-09-18 13:45:00,2705.345,2724.114,2689.695,2717.281,24781713200.0
2024-09-18 14:00:00,2705.345,2724.114,2689.695,2717.281,24781713200.0
2024-09-18 14:15:00,2705.345,2724.114,2689.695,2717.281,24781713200.0
2024-09-18 14:30:00,2705.345,2724.114,2689.695,2717.281,24781713200.0
2024-09-18 14:45:00,2705.345,2724.114,2689.695,2717.281,24781713200.0
2024-09-18 15:00:00,2705.345,2724.114,2689.695,2717.281,24781713200.0
2024-09-19 09:45:00,2723.205,2747.74,2697.776,2736.022,31520838900.0
2024-09-19 10:00:00,2723.205,2747.74,2697.776,2736.022,31520838900.0
2024-09-19 10:15:00,2723.205,2747.74,2697.776,2736.022,31520838900.0
2024-09-19 10:30:00,2723.205,2747.74,2697.776,2736.022,31520838900.0
2024-09-19 10:45:00,2723.205,2747.74,2697.776,2736.022,31520838900.0
2024-09-19 11:00:00,2723.205,2747.74,2697.776,2736.022,31520838900.0
2024-09-19 11:15:00,2723.205,2747.74,2697.776,2736.022,31520838900.0
2024-09-19 11:30:00,2723.205,2747.74,2697.776,2736.022,31520838900.0
2024-09-19 13:15:00,2723.205,2747.74,2697.776,2736.022,31520838900.0
2024-09-19 13:30:00,2723.205,2747.74,2697.776,2736.022,31520838900.0
2024-09-19 13:45:00,2723.205,2747.74,2697.776,2736.022,31520838900.0
2024-09-19 14:00:00,2723.205,2747.74,2697.776,2736.022,31520838900.0
2024-09-19 14:15:00,2723.205,2747.74,2697.776,2736.022,31520838900.0
2024-09-19 14:30:00,2723.205,2747.74,2697.776,2736.022,31520838900.0
2024-09-19 14:45:00,2723.205,2747.74,2697.776,2736.022,31520838900.0
2024-09-19 15:00:00,2723.205,2747.74,2697.776,2736.022,31520838900.0
2024-09-20 09:45:00,2734.228,2741.155,2717.945,2736.814,28564462700.0
2024-09-20 10:00:00,2734.228,2741.155,2717.945,2736.814,28564462700.0
2024-09-20 10:15:00,2734.228,2741.155,2717.945,2736.814,28564462700.0
2024-09-20 10:30:00,2734.228,2741.155,2717.945,2736.814,28564462700.0
2024-09-20 10:45:00,2734.228,2741.155,2717.945,2736.814,28564462700.0
2024-09-20 11:00:00,2734.228,2741.155,2717.945,2736.814,28564462700.0
2024-09-20 11:15:00,2734.228,2741.155,2717.945,2736.814,28564462700.0
2024-09-20 11:30:00,2734.228,2741.155,2717.945,2736.814,28564462700.0
2024-09-20 13:15:00,2734.228,2741.155,2717.945,2736.814,28564462700.0
2024-09-20 13:30:00,2734.228,2741.155,2717.945,2736.814,28564462700.0
2024-09-20 13:45:00,2734.228,2741.155,2717.945,2736.814,28564462700.0
2024-09-20 14:00:00,2734.228,2741.155,2717.945,2736.814,28564462700.0
2024-09-20 14:15:00,2734.228,2741.155,2717.945,2736.814,28564462700.0
2024-09-20 14:30:00,2734.228,2741.155,2717.945,2736.814,28564462700.0
2024-09-20 14:45:00,2734.228,2741.155,2717.945,2736.814,28564462700.0
2024-09-20 15:00:00,2734.228,2741.155,2717.945,2736.814,28564462700.0
2024-09-23 09:45:00,2735.39,2760.48,2731.357,2748.918,25764215400.0
2024-09-23 10:00:00,2735.39,2760.48,2731.357,2748.918,25764215400.0
2024-09-23 10:15:00,2735.39,2760.48,2731.357,2748.918,25764215400.0
2024-09-23 10:30:00,2735.39,2760.48,2731.357,2748.918,25764215400.0
2024-09-23 10:45:00,2735.39,2760.48,2731.357,2748.918,25764215400.0
2024-09-23 11:00:00,2735.39,2760.48,2731.357,2748.918,25764215400.0
2024-09-23 11:15:00,2735.39,2760.48,2731.357,2748.918,25764215400.0
2024-09-23 11:30:00,2735.39,2760.48,2731.357,2748.918,25764215400.0
2024-09-23 13:15:00,2735.39,2760.48,2731.357,2748.918,25764215400.0
2024-09-23 13:30:00,2735.39,2760.48,2731.357,2748.918,25764215400.0
2024-09-23 13:45:00,2735.39,2760.48,2731.357,2748.918,25764215400.0
2024-09-23 14:00:00,2735.39,2760.48,2731.357,2748.918,25764215400.0
2024-09-23 14:15:00,2735.39,2760.48,2731.357,2748.918,25764215400.0
2024-09-23 14:30:00,2735.39,2760.48,2731.357,2748.918,25764215400.0
2024-09-23 14:45:00,2735.39,2760.48,2731.357,2748.918,25764215400.0
2024-09-23 15:00:00,2735.39,2760.48,2731.357,2748.918,25764215400.0
2024-09-24 09:45:00,2770.754,2863.152,2761.372,2863.126,47761954500.0
2024-09-24 10:00:00,2770.754,2863.152,2761.372,2863.126,47761954500.0
2024-09-24 10:15:00,2770.754,2863.152,2761.372,2863.126,47761954500.0
2024-09-24 10:30:00,2770.754,2863.152,2761.372,2863.126,47761954500.0
2024-09-24 10:45:00,2770.754,2863.152,2761.372,2863.126,47761954500.0
2024-09-24 11:00:00,2770.754,2863.152,2761.372,2863.126,47761954500.0
2024-09-24 11:15:00,2770.754,2863.152,2761.372,2863.126,47761954500.0
2024-09-24 11:30:00,2770.754,2863.152,2761.372,2863.126,47761954500.0
2024-09-24 13:15:00,2770.754,2863.152,2761.372,2863.126,47761954500.0
2024-09-24 13:30:00,2770.754,2863.152,2761.372,2863.126,47761954500.0
2024-09-24 13:45:00,2770.754,2863.152,2761.372,2863.126,47761954500.0
2024-09-24 14:00:00,2770.754,2863.152,2761.372,2863.126,47761954500.0
2024-09-24 14:15:00,2770.754,2863.152,2761.372,2863.126,47761954500.0
2024-09-24 14:30:00,2770.754,2863.152,2761.372,2863.126,47761954500.0
2024-09-24 14:45:00,2770.754,2863.152,2761.372,2863.126,47761954500.0
2024-09-24 15:00:00,2770.754,2863.152,2761.372,2863.126,47761954500.0
2024-09-25 09:45:00,2901.419,2952.451,2889.048,2896.306,56825981600.0
2024-09-25 10:00:00,2901.419,2952.451,2889.048,2896.306,56825981600.0
2024-09-25 10:15:00,2901.419,2952.451,2889.048,2896.306,56825981600.0
2024-09-25 10:30:00,2901.419,2952.451,2889.048,2896.306,56825981600.0
2024-09-25 10:45:00,2901.419,2952.451,2889.048,2896.306,56825981600.0
2024-09-25 11:00:00,2901.419,2952.451,2889.048,2896.306,56825981600.0
2024-09-25 11:15:00,2901.419,2952.451,2889.048,2896.306,56825981600.0
2024-09-25 11:30:00,2901.419,2952.451,2889.048,2896.306,56825981600.0
2024-09-25 13:15:00,2901.419,2952.451,2889.048,2896.306,56825981600.0
2024-09-25 13:30:00,2901.419,2952.451,2889.048,2896.306,56825981600.0
2024-09-25 13:45:00,2901.419,2952.451,2889.048,2896.306,56825981600.0
2024-09-25 14:00:00,2901.419,2952.451,2889.048,2896.306,56825981600.0
2024-09-25 14:15:00,2901.419,2952.451,2889.048,2896.306,56825981600.0
2024-09-25 14:30:00,2901.419,2952.451,2889.048,2896.306,56825981600.0
2024-09-25 14:45:00,2901.419,2952.451,2889.048,2896.306,56825981600.0
2024-09-25 15:00:00,2901.419,2952.451,2889.048,2896.306,56825981600.0
2024-09-26 09:45:00,2893.745,3000.953,2889.014,3000.953,57631926100.0
2024-09-26 10:00:00,2893.745,3000.953,2889.014,3000.953,57631926100.0
2024-09-26 10:15:00,2893.745,3000.953,2889.014,3000.953,57631926100.0
2024-09-26 10:30:00,2893.745,3000.953,2889.014,3000.953,57631926100.0
2024-09-26 10:45:00,2893.745,3000.953,2889.014,3000.953,57631926100.0
2024-09-26 11:00:00,2893.745,3000.953,2889.014,3000.953,57631926100.0
2024-09-26 11:15:00,2893.745,3000.953,2889.014,3000.953,57631926100.0
2024-09-26 11:30:00,2893.745,3000.953,2889.014,3000.953,57631926100.0
2024-09-26 13:15:00,2893.745,3000.953,2889.014,3000.953,57631926100.0
2024-09-26 13:30:00,2893.745,3000.953,2889.014,3000.953,57631926100.0
2024-09-26 13:45:00,2893.745,3000.953,2889.014,3000.953,57631926100.0
2024-09-26 14:00:00,2893.745,3000.953,2889.014,3000.953,57631926100.0
2024-09-26 14:15:00,2893.745,3000.953,2889.014,3000.953,57631926100.0
2024-09-26 14:30:00,2893.745,3000.953,2889.014,3000.953,57631926100.0
2024-09-26 14:45:00,2893.745,3000.953,2889.014,3000.953,57631926100.0
2024-09-26 15:00:00,2893.745,3000.953,2889.014,3000.953,57631926100.0
2024-09-27 09:45:00,3049.103,3087.529,3017.445,3087.529,49228716300.0
2024-09-27 10:00:00,3049.103,3087.529,3017.445,3087.529,49228716300.0
2024-09-27 10:15:00,3049.103,3087.529,3017.445,3087.529,49228716300.0
2024-09-27 10:30:00,3049.103,3087.529,3017.445,3087.529,49228716300.0
2024-09-27 10:45:00,3049.103,3087.529,3017.445,3087.529,49228716300.0
2024-09-27 11:00:00,3049.103,3087.529,3017.445,3087.529,49228716300.0
2024-09-27 11:15:00,3049.103,3087.529,3017.445,3087.529,49228716300.0
2024-09-27 11:30:00,3049.103,3087.529,3017.445,3087.529,49228716300.0
2024-09-27 13:15:00,3049.103,3087.529,3017.445,3087.529,49228716300.0
2024-09-27 13:30:00,3049.103,3087.529,3017.445,3087.529,49228716300.0
2024-09-27 13:45:00,3049.103,3087.529,3017.445,3087.529,49228716300.0
2024-09-27 14:00:00,3049.103,3087.529,3017.445,3087.529,49228716300.0
2024-09-27 14:15:00,3049.103,3087.529,3017.445,3087.529,49228716300.0
2024-09-27 14:30:00,3049.103,3087.529,3017.445,3087.529,49228716300.0
2024-09-27 14:45:00,3049.103,3087.529,3017.445,3087.529,49228716300.0
2024-09-27 15:00:00,3049.103,3087.529,3017.445,3087.529,49228716300.0
2024-09-30 09:45:00,3194.722,3358.588,3153.697,3336.497,110233791700.0
2024-09-30 10:00:00,3194.722,3358.588,3153.697,3336.497,110233791700.0
2024-09-30 10:15:00,3194.722,3358.588,3153.697,3336.497,110233791700.0
2024-09-30 10:30:00,3194.722,3358.588,3153.697,3336.497,110233791700.0
2024-09-30 10:45:00,3194.722,3358.588,3153.697,3336.497,110233791700.0
2024-09-30 11:00:00,3194.722,3358.588,3153.697,3336.497,110233791700.0
2024-09-30 11:15:00,3194.722,3358.588,3153.697,3336.497,110233791700.0
2024-09-30 11:30:00,3194.722,3358.588,3153.697,3336.497,110233791700.0
2024-09-30 13:15:00,3194.722,3358.588,3153.697,3336.497,110233791700.0
2024-09-30 13:30:00,3194.722,3358.588,3153.697,3336.497,110233791700.0
2024-09-30 13:45:00,3194.722,3358.588,3153.697,3336.497,110233791700.0
2024-09-30 14:00:00,3194.722,3358.588,3153.697,3336.497,110233791700.0
2024-09-30 14:15:00,3194.722,3358.588,3153.697,3336.497,110233791700.0
2024-09-30 14:30:00,3194.722,3358.588,3153.697,3336.497,110233791700.0
2024-09-30 14:45:00,3194.722,3358.588,3153.697,3336.497,110233791700.0
2024-09-30 15:00:00,3194.722,3358.588,3153.697,3336.497,110233791700.0
2024-10-08 09:45:00,3674.405,3674.405,3372.187,3489.775,131346019500.0
2024-10-08 10:00:00,3674.405,3674.405,3372.187,3489.775,131346019500.0
2024-10-08 10:15:00,3674.405,3674.405,3372.187,3489.775,131346019500.0
2024-10-08 10:30:00,3674.405,3674.405,3372.187,3489.775,131346019500.0
2024-10-08 10:45:00,3674.405,3674.405,3372.187,3489.775,131346019500.0
2024-10-08 11:00:00,3674.405,3674.405,3372.187,3489.775,131346019500.0
2024-10-08 11:15:00,3674.405,3674.405,3372.187,3489.775,131346019500.0
2024-10-08 11:30:00,3674.405,3674.405,3372.187,3489.775,131346019500.0
2024-10-08 13:15:00,3674.405,3674.405,3372.187,3489.775,131346019500.0
2024-10-08 13:30:00,3674.405,3674.405,3372.187,3489.775,131346019500.0
2024-10-08 13:45:00,3674.405,3674.405,3372.187,3489.775,131346019500.0
2024-10-08 14:00:00,3674.405,3674.405,3372.187,3489.775,131346019500.0
2024-10-08 14:15:00,3674.405,3674.405,3372.187,3489.775,131346019500.0
2024-10-08 14:30:00,3674.405,3674.405,3372.187,3489.775,131346019500.0
2024-10-08 14:45:00,3674.405,3674.405,3372.187,3489.775,131346019500.0
2024-10-08 15:00:00,3674.405,3674.405,3372.187,3489.775,131346019500.0
2024-10-09 09:45:00,3427.22,3437.157,3249.159,3258.858,99275725600.0
2024-10-09 10:00:00,3427.22,3437.157,3249.159,3258.858,99275725600.0
2024-10-09 10:15:00,3427.22,3437.157,3249.159,3258.858,99275725600.0
2024-10-09 10:30:00,3427.22,3437.157,3249.159,3258.858,99275725600.0
2024-10-09 10:45:00,3427.22,3437.157,3249.159,3258.858,99275725600.0
2024-10-09 11:00:00,3427.22,3437.157,3249.159,3258.858,99275725600.0
2024-10-09 11:15:00,3427.22,3437.157,3249.159,3258.858,99275725600.0
2024-10-09 11:30:00,3427.22,3437.157,3249.159,3258.858,99275725600.0
2024-10-09 13:15:00,3427.22,3437.157,3249.159,3258.858,99275725600.0
2024-10-09 13:30:00,3427.22,3437.157,3249.159,3258.858,99275725600.0
2024-10-09 13:45:00,3427.22,3437.157,3249.159,3258.858,99275725600.0
2024-10-09 14:00:00,3427.22,3437.157,3249.159,3258.858,99275725600.0
2024-10-09 14:15:00,3427.22,3437.157,3249.159,3258.858,99275725600.0
2024-10-09 14:30:00,3427.22,3437.157,3249.159,3258.858,99275725600.0
2024-10-09 14:45:00,3427.22,3437.157,3249.159,3258.858,99275725600.0
2024-10-09 15:00:00,3427.22,3437.157,3249.159,3258.858,99275725600.0
2024-10-10 09:45:00,3277.692,3379.805,3228.125,3301.926,83450025700.0
2024-10-10 10:00:00,3277.692,3379.805,3228.125,3301.926,83450025700.0
2024-10-10 10:15:00,3277.692,3379.805,3228.125,3301.926,83450025700.0
2024-10-10 10:30:00,3277.692,3379.805,3228.125,3301.926,83450025700.0
2024-10-10 10:45:00,3277.692,3379.805,3228.125,3301.926,83450025700.0
2024-10-10 11:00:00,3277.692,3379.805,3228.125,3301.926,83450025700.0
2024-10-10 11:15:00,3277.692,3379.805,3228.125,3301.926,83450025700.0
2024-10-10 11:30:00,3277.692,3379.805,3228.125,3301.926,83450025700.0
2024-10-10 13:15:00,3277.692,3379.805,3228.125,3301.926,83450025700.0
2024-10-10 13:30:00,3277.692,3379.805,3228.125,3301.926,83450025700.0
2024-10-10 13:45:00,3277.692,3379.805,3228.125,3301.926,83450025700.0
2024-10-10 14:00:00,3277.692,3379.805,3228.125,3301.926,83450025700.0
2024-10-10 14:15:00,3277.692,3379.805,3228.125,3301.926,83450025700.0
2024-10-10 14:30:00,3277.692,3379.805,3228.125,3301.926,83450025700.0
2024-10-10 14:45:00,3277.692,3379.805,3228.125,3301.926,83450025700.0
2024-10-10 15:00:00,3277.692,3379.805,3228.125,3301.926,83450025700.0
2024-10-11 09:45:00,3287.873,3297.752,3187.988,3217.738,60602743300.0
2024-10-11 10:00:00,3287.873,3297.752,3187.988,3217.738,60602743300.0
2024-10-11 10:15:00,3287.873,3297.752,3187.988,3217.738,60602743300.0
2024-10-11 10:30:00,3287.873,3297.752,3187.988,3217.738,60602743300.0
2024-10-11 10:45:00,3287.873,3297.752,3187.988,3217.738,60602743300.0
2024-10-11 11:00:00,3287.873,3297.752,3187.988,3217.738,60602743300.0
2024-10-11 11:15:00,3287.873,3297.752,3187.988,3217.738,60602743300.0
2024-10-11 11:30:00,3287.873,3297.752,3187.988,3217.738,60602743300.0
2024-10-11 13:15:00,3287.873,3297.752,3187.988,3217.738,60602743300.0
2024-10-11 13:30:00,3287.873,3297.752,3187.988,3217.738,60602743300.0
2024-10-11 13:45:00,3287.873,3297.752,3187.988,3217.738,60602743300.0
2024-10-11 14:00:00,3287.873,3297.752,3187.988,3217.738,60602743300.0
2024-10-11 14:15:00,3287.873,3297.752,3187.988,3217.738,60602743300.0
2024-10-11 14:30:00,3287.873,3297.752,3187.988,3217.738,60602743300.0
2024-10-11 14:45:00,3287.873,3297.752,3187.988,3217.738,60602743300.0
2024-10-11 15:00:00,3287.873,3297.752,3187.988,3217.738,60602743300.0
2024-10-14 09:45:00,3241.428,3294.62,3203.901,3284.323,63146685900.0
2024-10-14 10:00:00,3241.428,3294.62,3203.901,3284.323,63146685900.0
2024-10-14 10:15:00,3241.428,3294.62,3203.901,3284.323,63146685900.0
2024-10-14 10:30:00,3241.428,3294.62,3203.901,3284.323,63146685900.0
2024-10-14 10:45:00,3241.428,3294.62,3203.901,3284.323,63146685900.0
2024-10-14 11:00:00,3241.428,3294.62,3203.901,3284.323,63146685900.0
2024-10-14 11:15:00,3241.428,3294.62,3203.901,3284.323,63146685900.0
2024-10-14 11:30:00,3241.428,3294.62,3203.901,3284.323,63146685900.0
2024-10-14 13:15:00,3241.428,3294.62,3203.901,3284.323,63146685900.0
2024-10-14 13:30:00,3241.428,3294.62,3203.901,3284.323,63146685900.0
2024-10-14 13:45:00,3241.428,3294.62,3203.901,3284.323,63146685900.0
2024-10-14 14:00:00,3241.428,3294.62,3203.901,3284.323,63146685900.0
2024-10-14 14:15:00,3241.428,3294.62,3203.901,3284.323,63146685900.0
2024-10-14 14:30:00,3241.428,3294.62,3203.901,3284.323,63146685900.0
2024-10-14 14:45:00,3241.428,3294.62,3203.901,3284.323,63146685900.0
2024-10-14 15:00:00,3241.428,3294.62,3203.901,3284.323,63146685900.0
